ID,KitType,AnimID,HeadEffect,ChestEffect,BaseEffect,LeftHandEffect,RightHandEffect,BreathEffect,SpecialEffect[0],SpecialEffect[1],SpecialEffect[2],SoundID,ShakeID,CharProc[0],CharProc[1],CharProc[2],CharProc[3],CharParamZero[0],CharParamZero[1],CharParamZero[2],CharParamZero[3],CharParamOne[0],CharParamOne[1],CharParamOne[2],CharParamOne[3],CharParamTwo[0],CharParamTwo[1],CharParamTwo[2],CharParamTwo[3],CharParamThree[0],CharParamThree[1],CharParamThree[2],CharParamThree[3]
285,2,-1,54,-1,254,-1,-1,-1,-1,-1,-1,1502,0,1,-1,-1,-1,7961087,0,0,0,0.1,0,0,0,0.1,0,0,0,1,0,0,0
286,1,-1,-1,321,-1,-1,-1,-1,-1,-1,-1,1507,0,-1,-1,-1,-1,0,0,0,0,0,0,0,0,0,0,0,0,0,0,0,0
288,2,-1,-1,276,-1,-1,-1,-1,-1,-1,-1,1501,0,-1,-1,-1,-1,0,0,0,0,0,0,0,0,0,0,0,0,0,0,0,0
289,1,-1,-1,-1,292,-1,-1,-1,-1,-1,-1,0,0,-1,-1,-1,-1,0,0,0,0,0,0,0,0,0,0,0,0,0,0,0,0
291,1,-1,-1,294,-1,-1,-1,-1,-1,-1,-1,44,0,-1,-1,-1,-1,0,0,0,0,0,0,0,0,0,0,0,0,0,0,0,0
292,2,-1,-1,-1,296,-1,-1,-1,-1,-1,-1,0,0,-1,-1,-1,-1,0,0,0,0,0,0,0,0,0,0,0,0,0,0,0,0
293,2,-1,-1,298,-1,-1,-1,-1,-1,-1,-1,0,0,1,-1,-1,-1,1945621,0,0,0,0.8,0,0,0,0.1,0,0,0,0.8,0,0,0
294,0,-1,-1,-1,-1,-1,-1,-1,-1,-1,-1,1485,6,-1,-1,-1,-1,0,0,0,0,0,0,0,0,0,0,0,0,0,0,0,0
295,1,-1,-1,299,-1,-1,-1,-1,-1,-1,-1,1491,0,-1,-1,-1,-1,0,0,0,0,0,0,0,0,0,0,0,0,0,0,0,0
296,1,-1,-1,-1,-1,-1,-1,-1,-1,-1,-1,0,0,-1,-1,-1,-1,0,0,0,0,0,0,0,0,0,0,0,0,0,0,0,0
297,2,-1,-1,-1,-1,-1,-1,301,-1,-1,-1,2557,0,-1,-1,-1,-1,0,0,0,0,0,0,0,0,0,0,0,0,0,0,0,0
298,2,-1,-1,-1,289,-1,-1,-1,-1,-1,-1,0,0,-1,-1,-1,-1,0,0,0,0,0,0,0,0,0,0,0,0,0,0,0,0
299,2,-1,-1,-1,268,-1,-1,-1,-1,-1,-1,1505,0,-1,-1,-1,-1,0,0,0,0,0,0,0,0,0,0,0,0,0,0,0,0
300,4,-1,-1,-1,297,-1,-1,-1,-1,-1,-1,0,0,13,-1,-1,-1,5906196,0,0,0,0.5,0,0,0,0.5,0,0,0,0,0,0,0
301,2,-1,-1,-1,278,-1,-1,-1,-1,-1,-1,0,0,-1,-1,-1,-1,0,0,0,0,0,0,0,0,0,0,0,0,0,0,0,0
303,2,-1,-1,-1,304,-1,-1,-1,-1,-1,-1,1500,0,-1,-1,-1,-1,0,0,0,0,0,0,0,0,0,0,0,0,0,0,0,0
304,1,-1,-1,305,-1,-1,-1,-1,-1,-1,-1,3085,0,-1,-1,-1,-1,0,0,0,0,0,0,0,0,0,0,0,0,0,0,0,0
306,1,-1,-1,-1,306,-1,-1,-1,-1,-1,-1,1164,0,-1,-1,-1,-1,0,0,0,0,0,0,0,0,0,0,0,0,0,0,0,0
307,0,74,-1,-1,307,-1,-1,-1,-1,-1,-1,28,0,-1,-1,-1,-1,0,0,0,0,0,0,0,0,0,0,0,0,0,0,0,0
309,1,-1,-1,308,-1,-1,-1,-1,-1,-1,-1,0,0,-1,-1,-1,-1,0,0,0,0,0,0,0,0,0,0,0,0,0,0,0,0
310,1,-1,310,-1,309,-1,-1,-1,-1,-1,-1,1504,0,-1,-1,-1,-1,0,0,0,0,0,0,0,0,0,0,0,0,0,0,0,0
312,2,-1,-1,-1,-1,-1,-1,-1,-1,-1,-1,3325,0,7,-1,-1,-1,1,0,0,0,1,0,0,0,0,0,0,0,0,0,0,0
313,1,-1,312,-1,-1,-1,-1,-1,-1,-1,-1,3361,0,-1,-1,-1,-1,0,0,0,0,0,0,0,0,0,0,0,0,0,0,0,0
315,1,-1,-1,-1,313,-1,-1,-1,-1,-1,-1,2545,0,-1,-1,-1,-1,0,0,0,0,0,0,0,0,0,0,0,0,0,0,0,0
316,0,53,-1,-1,-1,293,293,-1,-1,-1,-1,2561,0,-1,-1,-1,-1,7,0,0,0,0,0,0,0,0,0,0,0,0,0,0,0
318,1,-1,-1,-1,74,-1,-1,-1,-1,-1,-1,30,0,-1,-1,-1,-1,0,0,0,0,0,0,0,0,0,0,0,0,0,0,0,0
319,1,-1,-1,-1,314,-1,-1,-1,-1,-1,-1,2545,0,-1,-1,-1,-1,0,0,0,0,0,0,0,0,0,0,0,0,0,0,0,0
321,0,53,-1,-1,-1,293,293,-1,-1,-1,-1,0,0,12,-1,-1,-1,1,1,0,0,1,1,0,0,0,0,0,0,0,0,0,0
322,2,9,-1,-1,-1,152,152,-1,-1,-1,-1,0,0,-1,-1,-1,-1,0,0,0,0,0,0,0,0,0,0,0,0,0,0,0,0
324,0,57,-1,-1,-1,-1,-1,-1,-1,-1,-1,3091,0,8,-1,-1,-1,16263465,0,0,0,20,0,0,0,600,0,0,0,100,0,0,0
325,2,-1,300,-1,-1,-1,-1,-1,-1,-1,-1,0,0,-1,-1,-1,-1,0,0,0,0,0,0,0,0,0,0,0,0,0,0,0,0
327,0,84,-1,-1,-1,-1,-1,-1,-1,-1,-1,0,0,-1,-1,-1,-1,0,0,0,0,0,0,0,0,0,0,0,0,0,0,0,0
328,1,70,-1,-1,-1,-1,-1,-1,-1,-1,-1,0,0,-1,-1,-1,-1,0,0,0,0,0,0,0,0,0,0,0,0,0,0,0,0
330,1,-1,-1,394,-1,-1,-1,-1,-1,-1,-1,48,0,-1,-1,-1,-1,0,0,0,0,0,0,0,0,0,0,0,0,0,0,0,0
331,1,-1,1114,-1,-1,-1,-1,-1,-1,-1,-1,2615,0,-1,-1,-1,-1,0,0,0,0,0,0,0,0,0,0,0,0,0,0,0,0
333,1,-1,-1,-1,326,-1,-1,-1,-1,-1,-1,3116,0,-1,-1,-1,-1,0,0,0,0,0,0,0,0,0,0,0,0,0,0,0,0
334,2,-1,-1,-1,328,-1,327,-1,-1,-1,-1,0,0,6,-1,-1,-1,0,0,0,0,0.2,0,0,0,0,0,0,0,0,0,0,0
336,1,-1,-1,372,-1,-1,-1,-1,-1,-1,-1,0,0,-1,-1,-1,-1,0,0,0,0,0,0,0,0,0,0,0,0,0,0,0,0
338,0,52,-1,-1,-1,88,88,-1,-1,-1,-1,31,0,-1,-1,-1,-1,1776411,0,0,0,1,0,0,0,0,0,0,0,0,0,0,0
339,1,-1,334,-1,-1,-1,-1,-1,-1,-1,-1,2556,0,-1,-1,-1,-1,0,0,0,0,0,0,0,0,0,0,0,0,0,0,0,0
341,0,53,-1,-1,-1,298,-1,-1,-1,-1,-1,2560,0,-1,-1,-1,-1,5,0,0,0,1,0,0,0,0,0,0,0,0,0,0,0
342,2,124,-1,-1,-1,298,-1,-1,-1,-1,-1,3192,0,0,-1,-1,-1,5,0,0,0,1,0,0,0,1,0,0,0,0,0,0,0
344,2,-1,339,-1,-1,-1,-1,-1,-1,-1,-1,0,0,2,-1,-1,-1,1.1,0,0,0,0,0,0,0,0,0,0,0,0,0,0,0
345,0,52,-1,-1,-1,146,146,-1,-1,-1,-1,27,0,-1,-1,-1,-1,0,0,0,0,0,0,0,0,0,0,0,0,0,0,0,0
347,1,-1,-1,-1,240,-1,-1,-1,-1,-1,-1,3258,0,-1,-1,-1,-1,0,0,0,0,0,0,0,0,0,0,0,0,0,0,0,0
348,1,121,-1,-1,-1,-1,-1,-1,-1,-1,-1,3642,0,-1,-1,-1,-1,0,0,0,0,0,0,0,0,0,0,0,0,0,0,0,0
350,0,55,-1,-1,345,-1,-1,-1,-1,-1,-1,3222,0,-1,-1,-1,-1,0,0,0,0,0,0,0,0,0,0,0,0,0,0,0,0
55,2,-1,-1,-1,75,-1,-1,-1,-1,-1,-1,0,0,-1,-1,-1,-1,0,0,0,0,0,0,0,0,0,0,0,0,0,0,0,0
56,1,-1,-1,-1,70,-1,-1,-1,-1,-1,-1,3229,0,-1,-1,-1,-1,0,0,0,0,0,0,0,0,0,0,0,0,0,0,0,0
58,1,-1,-1,154,-1,-1,-1,-1,-1,-1,-1,18,0,-1,-1,-1,-1,0,0,0,0,0,0,0,0,0,0,0,0,0,0,0,0
59,0,53,-1,-1,67,-1,-1,-1,-1,-1,-1,21,0,-1,-1,-1,-1,0,0,0,0,0,0,0,0,0,0,0,0,0,0,0,0
61,0,54,-1,-1,-1,288,288,-1,-1,-1,-1,1484,0,-1,-1,-1,-1,0,0,0,0,0,0,0,0,0,0,0,0,0,0,0,0
63,1,-1,-1,-1,79,-1,-1,-1,-1,-1,-1,0,0,-1,-1,-1,-1,0,0,0,0,0,0,0,0,0,0,0,0,0,0,0,0
64,0,123,-1,-1,-1,-1,-1,-1,-1,-1,-1,1104,0,-1,-1,-1,-1,0,0,0,0,0,0,0,0,0,0,0,0,0,0,0,0
66,2,-1,-1,-1,80,-1,-1,-1,-1,-1,-1,2579,0,-1,-1,-1,-1,0,0,0,0,0,0,0,0,0,0,0,0,0,0,0,0
67,0,57,-1,-1,-1,153,153,-1,-1,-1,-1,48,0,-1,-1,-1,-1,0,0,0,0,0,0,0,0,0,0,0,0,0,0,0,0
69,2,-1,-1,-1,84,-1,-1,-1,-1,-1,-1,36,0,-1,-1,-1,-1,0,0,0,0,0,0,0,0,0,0,0,0,0,0,0,0
70,1,-1,-1,-1,279,-1,-1,-1,-1,-1,-1,37,0,-1,-1,-1,-1,16776960,0,0,0,3,0,0,0,5,0,0,0,5,0,0,0
72,0,53,-1,-1,-1,293,293,-1,-1,-1,-1,2561,0,-1,-1,-1,-1,1,0,0,0,0,0,0,0,0,0,0,0,0,0,0,0
73,2,-1,54,-1,254,-1,-1,-1,-1,-1,-1,1502,0,-1,-1,-1,-1,9090303,0,0,0,0,0,0,0,3,0,0,0,1,0,0,0
74,0,59,-1,-1,-1,-1,-1,-1,-1,-1,-1,42,0,-1,-1,-1,-1,0,0,0,0,0,0,0,0,0,0,0,0,0,0,0,0
75,0,55,-1,86,-1,-1,-1,-1,-1,-1,-1,3660,0,-1,-1,-1,-1,0,0,0,0,0,0,0,0,0,0,0,0,0,0,0,0
76,1,-1,-1,89,-1,-1,-1,-1,-1,-1,-1,38,0,-1,-1,-1,-1,0,0,0,0,0,0,0,0,0,0,0,0,0,0,0,0
77,1,-1,-1,-1,-1,-1,-1,-1,-1,-1,-1,747,0,-1,-1,-1,-1,2,0,0,0,0,0,0,0,0,0,0,0,0,0,0,0
78,1,-1,-1,-1,103,-1,-1,-1,-1,-1,-1,41,0,-1,-1,-1,-1,0,0,0,0,0,0,0,0,0,0,0,0,0,0,0,0
79,2,-1,66,24,25,-1,-1,-1,-1,-1,-1,15,0,-1,-1,-1,-1,0,0,0,0,0,0,0,0,0,0,0,0,0,0,0,0
80,0,52,-1,-1,-1,94,94,-1,-1,-1,-1,702,0,-1,-1,-1,-1,0,0,0,0,0,0,0,0,0,0,0,0,0,0,0,0
81,0,0,337,-1,-1,-1,-1,-1,-1,-1,-1,4120,0,-1,-1,-1,-1,0,0,0,0,0,0,0,0,0,0,0,0,0,0,0,0
82,1,-1,-1,-1,323,-1,-1,-1,-1,-1,-1,49,0,-1,-1,-1,-1,0,0,0,0,0,0,0,0,0,0,0,0,0,0,0,0
83,1,10,-1,93,-1,-1,-1,-1,-1,-1,-1,42,0,-1,-1,-1,-1,0,0,0,0,0,0,0,0,0,0,0,0,0,0,0,0
84,0,57,-1,-1,-1,-1,-1,-1,-1,-1,-1,34,0,-1,-1,-1,-1,0,0,0,0,0,0,0,0,0,0,0,0,0,0,0,0
86,0,58,-1,-1,-1,-1,-1,-1,-1,-1,-1,28,0,-1,-1,-1,-1,0,0,0,0,0,0,0,0,0,0,0,0,0,0,0,0
87,2,-1,-1,97,462,-1,-1,-1,-1,-1,-1,2617,0,-1,-1,-1,-1,4851315,0,0,0,0.8,0,0,0,0.1,0,0,0,0.8,0,0,0
89,1,-1,-1,104,92,-1,-1,-1,-1,-1,-1,46,0,-1,-1,-1,-1,0,0,0,0,0,0,0,0,0,0,0,0,0,0,0,0
90,1,-1,-1,98,-1,-1,-1,-1,-1,-1,-1,50,0,-1,-1,-1,-1,0,0,0,0,0,0,0,0,0,0,0,0,0,0,0,0
92,0,54,-1,-1,100,-1,-1,-1,-1,-1,-1,0,0,-1,-1,-1,-1,0,0,0,0,0,0,0,0,0,0,0,0,0,0,0,0
93,0,58,-1,-1,-1,-1,-1,-1,-1,-1,-1,34,0,-1,-1,-1,-1,0,0,0,0,0,0,0,0,0,0,0,0,0,0,0,0
95,0,52,-1,-1,-1,135,135,-1,-1,-1,-1,740,0,-1,-1,-1,-1,0,0,0,0,0,0,0,0,0,0,0,0,0,0,0,0
96,0,54,-1,-1,-1,135,135,-1,-1,-1,-1,44,0,-1,-1,-1,-1,0,0,0,0,0,0,0,0,0,0,0,0,0,0,0,0
98,1,-1,-1,-1,248,-1,-1,-1,-1,-1,-1,1433,0,-1,-1,-1,-1,0,0,0,0,0,0,0,0,0,0,0,0,0,0,0,0
100,0,52,-1,-1,-1,146,146,-1,-1,-1,-1,27,0,-1,-1,-1,-1,0,0,0,0,0,0,0,0,0,0,0,0,0,0,0,0
101,1,-1,-1,-1,147,-1,-1,-1,-1,-1,-1,1482,0,-1,-1,-1,-1,0,0,0,0,0,0,0,0,0,0,0,0,0,0,0,0
103,0,54,-1,59,60,64,64,-1,-1,-1,-1,0,0,-1,-1,-1,-1,0,0,0,0,0,0,0,0,0,0,0,0,0,0,0,0
104,0,52,-1,-1,-1,63,63,-1,-1,-1,-1,703,0,-1,-1,-1,-1,0,0,0,0,0,0,0,0,0,0,0,0,0,0,0,0
105,0,54,-1,-1,60,64,64,-1,-1,-1,-1,0,0,-1,-1,-1,-1,0,0,0,0,0,0,0,0,0,0,0,0,0,0,0,0
107,0,54,-1,-1,-1,64,64,-1,-1,-1,-1,0,0,-1,-1,-1,-1,0,0,0,0,0,0,0,0,0,0,0,0,0,0,0,0
108,2,-1,-1,-1,-1,94,94,-1,-1,-1,-1,28,0,2,-1,-1,-1,1,0,0,0,0,0,0,0,0,0,0,0,0,0,0,0
110,0,74,-1,-1,-1,102,102,-1,-1,-1,-1,1484,0,-1,-1,-1,-1,0,0,0,0,0,0,0,0,0,0,0,0,0,0,0,0
111,2,-1,-1,-1,-1,94,94,-1,-1,-1,-1,0,0,2,-1,-1,-1,1.5,0,0,0,0,0,0,0,0,0,0,0,0,0,0,0
113,1,-1,-1,142,140,-1,-1,-1,-1,-1,-1,0,0,-1,-1,-1,-1,0,0,0,0,0,0,0,0,0,0,0,0,0,0,0,0
114,0,51,-1,-1,-1,17,17,-1,-1,-1,-1,745,0,-1,-1,-1,-1,0,0,0,0,0,0,0,0,0,0,0,0,0,0,0,0
116,0,57,-1,-1,-1,153,153,-1,-1,-1,-1,28,0,-1,-1,-1,-1,0,0,0,0,0,0,0,0,0,0,0,0,0,0,0,0
117,1,-1,-1,149,-1,-1,-1,-1,-1,-1,-1,743,0,-1,-1,-1,-1,0,0,0,0,0,0,0,0,0,0,0,0,0,0,0,0
119,0,53,-1,-1,-1,135,135,-1,-1,-1,-1,2561,0,-1,-1,-1,-1,0,0,0,0,0,0,0,0,0,0,0,0,0,0,0,0
120,0,52,-1,-1,-1,156,156,-1,-1,-1,-1,26,0,-1,-1,-1,-1,0,0,0,0,0,0,0,0,0,0,0,0,0,0,0,0
122,1,-1,-1,-1,155,-1,-1,-1,-1,-1,-1,0,0,-1,-1,-1,-1,0,0,0,0,0,0,0,0,0,0,0,0,0,0,0,0
123,1,-1,-1,281,74,-1,-1,-1,-1,-1,-1,30,0,-1,-1,-1,-1,0,0,0,0,0,0,0,0,0,0,0,0,0,0,0,0
125,2,-1,54,-1,254,-1,-1,-1,-1,-1,-1,0,0,-1,-1,-1,-1,0,0,0,0,0,0,0,0,0,0,0,0,0,0,0,0
126,1,-1,-1,-1,158,-1,-1,-1,-1,-1,-1,3073,0,-1,-1,-1,-1,0,0,0,0,0,0,0,0,0,0,0,0,0,0,0,0
128,1,-1,160,-1,-1,-1,-1,-1,-1,-1,-1,933,0,-1,-1,-1,-1,0,0,0,0,0,0,0,0,0,0,0,0,0,0,0,0
129,1,-1,-1,161,-1,-1,-1,-1,-1,-1,-1,938,0,-1,-1,-1,-1,0,0,0,0,0,0,0,0,0,0,0,0,0,0,0,0
131,0,52,-1,-1,-1,163,163,-1,-1,-1,-1,27,0,-1,-1,-1,-1,0,0,0,0,0,0,0,0,0,0,0,0,0,0,0,0
132,0,54,-1,-1,-1,163,163,-1,-1,-1,-1,3,0,-1,-1,-1,-1,0,0,0,0,0,0,0,0,0,0,0,0,0,0,0,0
134,0,53,-1,-1,-1,45,45,-1,-1,-1,-1,0,0,-1,-1,-1,-1,0,0,0,0,0,0,0,0,0,0,0,0,0,0,0,0
135,0,51,-1,-1,46,45,45,-1,-1,-1,-1,703,0,-1,-1,-1,-1,0,0,0,0,0,0,0,0,0,0,0,0,0,0,0,0
137,0,52,-1,-1,103,170,170,-1,-1,-1,-1,745,0,-1,-1,-1,-1,0,0,0,0,0,0,0,0,0,0,0,0,0,0,0,0
138,0,54,-1,-1,169,170,170,-1,-1,-1,-1,2560,3,-1,-1,-1,-1,5,0,0,0,0,0,0,0,0,0,0,0,0,0,0,0
140,0,-1,-1,-1,180,135,135,-1,-1,-1,-1,0,0,-1,-1,-1,-1,0,0,0,0,0,0,0,0,0,0,0,0,0,0,0,0
141,0,-1,-1,-1,180,135,135,-1,-1,-1,-1,0,0,-1,-1,-1,-1,0,0,0,0,0,0,0,0,0,0,0,0,0,0,0,0
143,0,51,-1,-1,-1,44,44,-1,-1,-1,-1,0,0,-1,-1,-1,-1,0,0,0,0,0,0,0,0,0,0,0,0,0,0,0,0
144,0,51,-1,-1,-1,45,45,-1,-1,-1,-1,745,0,-1,-1,-1,-1,0,0,0,0,0,0,0,0,0,0,0,0,0,0,0,0
145,1,-1,-1,2,-1,-1,-1,-1,-1,-1,-1,1507,0,-1,-1,-1,-1,0,0,0,0,0,0,0,0,0,0,0,0,0,0,0,0
146,1,-1,-1,-1,190,-1,-1,-1,-1,-1,-1,3460,0,-1,-1,-1,-1,0,0,0,0,0,0,0,0,0,0,0,0,0,0,0,0
147,1,-1,-1,-1,190,-1,-1,-1,-1,-1,-1,0,0,-1,-1,-1,-1,0,0,0,0,0,0,0,0,0,0,0,0,0,0,0,0
148,1,-1,-1,-1,191,-1,-1,-1,-1,-1,-1,3460,0,-1,-1,-1,-1,0,0,0,0,0,0,0,0,0,0,0,0,0,0,0,0
149,1,-1,-1,-1,192,-1,-1,-1,-1,-1,-1,0,0,-1,-1,-1,-1,0,0,0,0,0,0,0,0,0,0,0,0,0,0,0,0
150,1,-1,-1,-1,193,-1,-1,-1,-1,-1,-1,3460,0,-1,-1,-1,-1,0,0,0,0,0,0,0,0,0,0,0,0,0,0,0,0
151,1,-1,-1,-1,194,-1,-1,-1,-1,-1,-1,0,0,-1,-1,-1,-1,0,0,0,0,0,0,0,0,0,0,0,0,0,0,0,0
152,1,-1,-1,-1,195,-1,-1,-1,-1,-1,-1,3460,0,-1,-1,-1,-1,0,0,0,0,0,0,0,0,0,0,0,0,0,0,0,0
153,1,-1,-1,-1,196,-1,-1,-1,-1,-1,-1,0,0,-1,-1,-1,-1,0,0,0,0,0,0,0,0,0,0,0,0,0,0,0,0
154,1,-1,244,-1,-1,-1,-1,-1,-1,-1,-1,1430,0,-1,-1,-1,-1,0,0,0,0,0,0,0,0,0,0,0,0,0,0,0,0
156,0,53,-1,-1,-1,44,44,-1,-1,-1,-1,676,0,-1,-1,-1,-1,0,0,0,0,0,0,0,0,0,0,0,0,0,0,0,0
157,1,-1,-1,-1,198,-1,-1,-1,-1,-1,-1,0,0,-1,-1,-1,-1,0,0,0,0,0,0,0,0,0,0,0,0,0,0,0,0
159,0,123,-1,-1,-1,-1,-1,-1,-1,-1,-1,48,0,-1,-1,-1,-1,0,0,0,0,0,0,0,0,0,0,0,0,0,0,0,0
160,0,54,-1,-1,282,117,117,-1,-1,-1,-1,3076,0,-1,-1,-1,-1,0,0,0,0,0,0,0,0,0,0,0,0,0,0,0,0
162,0,95,-1,-1,-1,-1,-1,-1,-1,-1,-1,48,0,-1,-1,-1,-1,0,0,0,0,0,0,0,0,0,0,0,0,0,0,0,0
163,0,123,-1,-1,-1,243,242,-1,-1,-1,-1,1105,0,-1,-1,-1,-1,0,0,0,0,0,0,0,0,0,0,0,0,0,0,0,0
165,0,54,-1,-1,-1,119,119,-1,-1,-1,-1,44,0,-1,-1,-1,-1,0,0,0,0,0,0,0,0,0,0,0,0,0,0,0,0
166,0,62,-1,-1,-1,-1,171,-1,-1,-1,-1,3782,0,-1,-1,-1,-1,0,0,0,0,0,0,0,0,0,0,0,0,0,0,0,0
168,0,52,-1,-1,-1,63,63,-1,-1,-1,-1,703,0,-1,-1,-1,-1,0,0,0,0,0,0,0,0,0,0,0,0,0,0,0,0
170,0,52,-1,-1,210,207,207,107,-1,-1,-1,1136,0,-1,-1,-1,-1,0,0,0,0,0,0,0,0,0,0,0,0,0,0,0,0
171,0,112,-1,-1,-1,-1,-1,-1,-1,-1,-1,0,0,-1,-1,-1,-1,0,0,0,0,0,0,0,0,0,0,0,0,0,0,0,0
173,0,123,-1,-1,-1,-1,-1,-1,-1,-1,-1,1161,0,-1,-1,-1,-1,0,0,0,0,0,0,0,0,0,0,0,0,0,0,0,0
174,0,61,-1,-1,99,-1,-1,-1,-1,-1,-1,1162,0,-1,-1,-1,-1,0,0,0,0,0,0,0,0,0,0,0,0,0,0,0,0
176,0,123,-1,-1,-1,-1,-1,-1,-1,-1,-1,1164,0,-1,-1,-1,-1,0,0,0,0,0,0,0,0,0,0,0,0,0,0,0,0
177,4,123,-1,-1,-1,-1,-1,-1,-1,-1,-1,1166,0,-1,-1,-1,-1,0,0,0,0,0,0,0,0,0,0,0,0,0,0,0,0
179,0,53,-1,-1,-1,-1,-1,-1,-1,-1,-1,0,0,-1,-1,-1,-1,0,0,0,0,0,0,0,0,0,0,0,0,0,0,0,0
180,0,75,-1,-1,85,-1,-1,-1,-1,-1,-1,37,0,-1,-1,-1,-1,0,0,0,0,0,0,0,0,0,0,0,0,0,0,0,0
182,0,16,-1,-1,215,-1,-1,-1,-1,-1,-1,3223,0,-1,-1,-1,-1,0,0,0,0,0,0,0,0,0,0,0,0,0,0,0,0
183,0,54,-1,-1,-1,73,73,-1,-1,-1,-1,2561,0,-1,-1,-1,-1,0,0,0,0,0,0,0,0,0,0,0,0,0,0,0,0
185,0,52,-1,-1,211,119,119,-1,-1,-1,-1,0,0,-1,-1,-1,-1,0,0,0,0,0,0,0,0,0,0,0,0,0,0,0,0
351,0,55,-1,-1,377,-1,-1,-1,-1,-1,-1,3113,0,-1,-1,-1,-1,0,0,0,0,0,0,0,0,0,0,0,0,0,0,0,0
353,1,-1,-1,-1,346,-1,-1,-1,-1,-1,-1,3314,0,-1,-1,-1,-1,0,0,0,0,0,0,0,0,0,0,0,0,0,0,0,0
354,0,-1,-1,-1,-1,-1,-1,-1,-1,-1,-1,0,0,-1,-1,-1,-1,0,0,0,0,0,0,0,0,0,0,0,0,0,0,0,0
356,0,54,-1,-1,349,293,293,-1,-1,-1,-1,3090,3,-1,-1,-1,-1,0,0,0,0,0,0,0,0,0,0,0,0,0,0,0,0
357,1,-1,-1,446,-1,-1,-1,-1,-1,-1,-1,3316,0,-1,-1,-1,-1,0,0,0,0,0,0,0,0,0,0,0,0,0,0,0,0
359,1,-1,-1,351,-1,-1,-1,-1,-1,-1,-1,2544,0,-1,-1,-1,-1,0,0,0,0,0,0,0,0,0,0,0,0,0,0,0,0
361,1,-1,-1,354,-1,-1,-1,-1,-1,-1,-1,2544,0,-1,-1,-1,-1,0,0,0,0,0,0,0,0,0,0,0,0,0,0,0,0
362,1,113,-1,-1,347,-1,-1,-1,-1,-1,-1,1455,0,-1,-1,-1,-1,0,0,0,0,0,0,0,0,0,0,0,0,0,0,0,0
1,0,32,1,0,0,0,0,0,0,0,0,0,0,-1,-1,-1,-1,1,0,0,0,0,0,0,0,0,0,0,0,0,0,0,0
2,0,54,20,-1,-1,-1,-1,-1,-1,-1,-1,27,0,-1,-1,-1,-1,0,0,0,0,0,0,0,0,0,0,0,0,0,0,0,0
3,0,32,2,-1,-1,-1,1,-1,-1,-1,-1,7,0,-1,-1,-1,-1,0,0,0,0,0,0,0,0,0,0,0,0,0,0,0,0
4,3,32,2,-1,-1,-1,-1,-1,-1,-1,-1,7,0,-1,-1,-1,-1,0,0,0,0,0,0,0,0,0,0,0,0,0,0,0,0
5,1,-1,-1,17,-1,-1,-1,-1,-1,-1,-1,0,0,-1,-1,-1,-1,0,0,0,0,0,0,0,0,0,0,0,0,0,0,0,0
6,0,32,-1,-1,-1,18,18,-1,-1,-1,-1,0,0,-1,-1,-1,-1,0,0,0,0,0,0,0,0,0,0,0,0,0,0,0,0
7,0,105,-1,-1,-1,-1,-1,-1,-1,-1,-1,1144,0,-1,-1,-1,-1,0,0,0,0,0,0,0,0,0,0,0,0,0,0,0,0
8,2,-1,-1,-1,20,-1,-1,-1,-1,-1,-1,0,0,-1,-1,-1,-1,0,0,0,0,0,0,0,0,0,0,0,0,0,0,0,0
9,1,-1,41,24,25,-1,-1,-1,-1,-1,-1,0,0,-1,-1,-1,-1,0,0,0,0,0,0,0,0,0,0,0,0,0,0,0,0
10,0,53,-1,-1,-1,64,64,-1,-1,-1,-1,0,0,-1,-1,-1,-1,0,0,0,0,0,0,0,0,0,0,0,0,0,0,0,0
11,0,53,-1,-1,-1,63,63,-1,-1,-1,-1,0,0,-1,-1,-1,-1,0,0,0,0,0,0,0,0,0,0,0,0,0,0,0,0
12,0,51,-1,-1,-1,63,63,-1,-1,-1,-1,703,0,-1,-1,-1,-1,0,0,0,0,0,0,0,0,0,0,0,0,0,0,0,0
13,1,-1,-1,-1,28,-1,-1,-1,-1,-1,-1,23,0,-1,-1,-1,-1,0,0,0,0,0,0,0,0,0,0,0,0,0,0,0,0
15,0,51,-1,-1,-1,30,30,-1,-1,-1,-1,0,0,-1,-1,-1,-1,0,0,0,0,0,0,0,0,0,0,0,0,0,0,0,0
16,0,-1,-1,-1,-1,-1,32,-1,-1,-1,-1,0,0,-1,-1,-1,-1,0,0,0,0,0,0,0,0,0,0,0,0,0,0,0,0
18,1,-1,-1,34,-1,-1,-1,-1,-1,-1,-1,22,0,-1,-1,-1,-1,0,0,0,0,0,0,0,0,0,0,0,0,0,0,0,0
19,0,54,-1,-1,-1,-1,-1,-1,-1,-1,-1,2560,0,-1,-1,-1,-1,0,0,0,0,0,0,0,0,0,0,0,0,0,0,0,0
21,0,53,-1,-1,-1,-1,-1,-1,-1,-1,-1,0,0,-1,-1,-1,-1,0,0,0,0,0,0,0,0,0,0,0,0,0,0,0,0
22,1,-1,-1,37,36,-1,-1,-1,-1,-1,-1,0,0,-1,-1,-1,-1,0,0,0,0,0,0,0,0,0,0,0,0,0,0,0,0
24,1,-1,-1,374,-1,-1,-1,-1,-1,-1,-1,29,0,-1,-1,-1,-1,0,0,0,0,0,0,0,0,0,0,0,0,0,0,0,0
25,1,-1,-1,39,-1,-1,-1,-1,-1,-1,-1,0,0,-1,-1,-1,-1,0,0,0,0,0,0,0,0,0,0,0,0,0,0,0,0
27,2,14,255,-1,-1,-1,-1,-1,-1,-1,-1,1509,0,-1,-1,-1,-1,0,0,0,0,0,0,0,0,0,0,0,0,0,0,0,0
28,1,-1,-1,230,-1,-1,-1,-1,-1,-1,-1,0,0,-1,-1,-1,-1,0,0,0,0,0,0,0,0,0,0,0,0,0,0,0,0
31,0,52,-1,-1,-1,63,63,-1,-1,-1,-1,703,0,-1,-1,-1,-1,0,0,0,0,0,0,0,0,0,0,0,0,0,0,0,0
32,0,51,-1,-1,-1,63,63,-1,-1,-1,-1,703,0,-1,-1,-1,-1,0,0,0,0,0,0,0,0,0,0,0,0,0,0,0,0
34,1,-1,23,24,25,-1,-1,-1,-1,-1,-1,0,0,-1,-1,-1,-1,0,0,0,0,0,0,0,0,0,0,0,0,0,0,0,0
35,0,51,-1,-1,-1,63,63,-1,-1,-1,-1,20,0,-1,-1,-1,-1,0,0,0,0,0,0,0,0,0,0,0,0,0,0,0,0
37,0,53,-1,-1,-1,73,73,-1,-1,-1,-1,2561,0,-1,-1,-1,-1,0,0,0,0,0,0,0,0,0,0,0,0,0,0,0,0
38,0,53,-1,-1,-1,288,288,-1,-1,-1,-1,1484,0,-1,-1,-1,-1,0,0,0,0,0,0,0,0,0,0,0,0,0,0,0,0
40,0,51,-1,-1,-1,45,45,-1,-1,-1,-1,51,0,-1,-1,-1,-1,0,0,0,0,0,0,0,0,0,0,0,0,0,0,0,0
41,0,53,-1,-1,-1,45,45,-1,-1,-1,-1,51,0,-1,-1,-1,-1,0,0,0,0,0,0,0,0,0,0,0,0,0,0,0,0
43,0,56,-1,-1,-1,-1,-1,-1,-1,-1,-1,0,0,-1,-1,-1,-1,0,0,0,0,0,0,0,0,0,0,0,0,0,0,0,0
44,0,-1,-1,634,-1,-1,-1,-1,-1,-1,-1,3330,0,8,-1,-1,-1,14355216,0,0,0,20,0,0,0,1000,0,0,0,100,0,0,0
46,0,53,-1,58,62,64,64,-1,-1,-1,-1,0,0,-1,-1,-1,-1,0,0,0,0,0,0,0,0,0,0,0,0,0,0,0,0
47,0,53,-1,-1,-1,64,64,-1,-1,-1,-1,675,0,-1,-1,-1,-1,0,0,0,0,0,0,0,0,0,0,0,0,0,0,0,0
49,1,-1,68,24,25,-1,-1,-1,-1,-1,-1,0,0,-1,-1,-1,-1,0,0,0,0,0,0,0,0,0,0,0,0,0,0,0,0
50,0,51,-1,-1,65,55,-1,-1,-1,-1,-1,0,0,-1,-1,-1,-1,0,0,0,0,0,0,0,0,0,0,0,0,0,0,0,0
52,0,51,-1,-1,211,119,119,-1,-1,-1,-1,-1,0,-1,-1,-1,-1,0,0,0,0,0,0,0,0,0,0,0,0,0,0,0,0
54,1,-1,-1,-1,229,-1,-1,-1,-1,-1,-1,30,0,-1,-1,-1,-1,0,0,0,0,0,0,0,0,0,0,0,0,0,0,0,0
217,0,52,-1,-1,-1,17,17,-1,-1,-1,-1,745,0,-1,-1,-1,-1,0,0,0,0,0,0,0,0,0,0,0,0,0,0,0,0
218,0,54,-1,-1,-1,17,17,-1,-1,-1,-1,2560,0,-1,-1,-1,-1,0,0,0,0,0,0,0,0,0,0,0,0,0,0,0,0
219,1,-1,-1,223,-1,-1,-1,-1,-1,-1,-1,743,0,-1,-1,-1,-1,0,0,0,0,0,0,0,0,0,0,0,0,0,0,0,0
220,1,-1,-1,228,-1,-1,-1,-1,-1,-1,-1,3134,0,-1,-1,-1,-1,0,0,0,0,0,0,0,0,0,0,0,0,0,0,0,0
221,2,-1,-1,276,-1,-1,-1,-1,-1,-1,-1,0,0,1,-1,-1,-1,65280,0,0,0,2,0,0,0,2,0,0,0,0,0,0,0
222,1,-1,238,-1,-1,-1,-1,-1,-1,-1,-1,1456,0,-1,-1,-1,-1,0,0,0,0,0,0,0,0,0,0,0,0,0,0,0,0
223,0,52,-1,-1,-1,88,88,-1,-1,-1,-1,3087,0,-1,-1,-1,-1,0,0,0,0,0,0,0,0,0,0,0,0,0,0,0,0
224,0,54,-1,-1,-1,293,293,-1,-1,-1,-1,2560,0,-1,-1,-1,-1,1,0,0,0,1,0,0,0,0,0,0,0,0,0,0,0
225,1,-1,-1,-1,239,-1,-1,-1,-1,-1,-1,39,0,-1,-1,-1,-1,0,0,0,0,0,0,0,0,0,0,0,0,0,0,0,0
226,1,-1,-1,-1,240,-1,-1,-1,-1,-1,-1,1435,0,-1,-1,-1,-1,0,0,0,0,0,0,0,0,0,0,0,0,0,0,0,0
227,1,-1,241,-1,-1,-1,-1,-1,-1,-1,-1,1365,0,-1,-1,-1,-1,0,0,0,0,0,0,0,0,0,0,0,0,0,0,0,0
228,1,-1,-1,245,-1,-1,-1,-1,-1,-1,-1,1431,0,-1,-1,-1,-1,0,0,0,0,0,0,0,0,0,0,0,0,0,0,0,0
229,0,54,-1,-1,-1,163,163,-1,-1,-1,-1,1270,0,-1,-1,-1,-1,0,0,0,0,0,0,0,0,0,0,0,0,0,0,0,0
230,1,-1,-1,-1,409,-1,-1,-1,-1,-1,-1,1372,0,-1,-1,-1,-1,0,0,0,0,0,0,0,0,0,0,0,0,0,0,0,0
232,1,-1,-1,-1,249,-1,-1,-1,-1,-1,-1,1432,0,-1,-1,-1,-1,0,0,0,0,0,0,0,0,0,0,0,0,0,0,0,0
233,1,-1,-1,-1,474,-1,-1,-1,-1,-1,-1,743,0,-1,-1,-1,-1,0,0,0,0,0,0,0,0,0,0,0,0,0,0,0,0
235,2,-1,-1,-1,297,-1,-1,-1,-1,-1,-1,0,0,1,-1,-1,-1,15160897,0,0,0,0.8,0,0,0,0.2,0,0,0,0.2,0,0,0
238,0,108,-1,-1,-1,-1,256,-1,-1,-1,-1,-1,0,-1,-1,-1,-1,0,0,0,0,0,0,0,0,0,0,0,0,0,0,0,0
239,0,107,-1,-1,-1,-1,-1,-1,-1,-1,-1,0,0,-1,-1,-1,-1,0,0,0,0,0,0,0,0,0,0,0,0,0,0,0,0
242,2,-1,-1,-1,-1,-1,-1,-1,-1,-1,-1,0,0,7,-1,-1,-1,2,0,0,0,0,0,0,0,0,0,0,0,0,0,0,0
243,2,-1,-1,97,-1,-1,-1,-1,-1,-1,-1,0,0,2,-1,-1,-1,1.4,0,0,0,1,0,0,0,0,0,0,0,0,0,0,0
245,2,122,-1,-1,-1,-1,-1,-1,-1,-1,-1,45,0,-1,-1,-1,-1,0,0,0,0,0,0,0,0,0,0,0,0,0,0,0,0
246,0,0,-1,-1,-1,-1,242,-1,-1,-1,-1,1162,0,-1,-1,-1,-1,0,0,0,0,0,0,0,0,0,0,0,0,0,0,0,0
248,1,-1,-1,-1,260,-1,-1,-1,-1,-1,-1,1455,0,-1,-1,-1,-1,0,0,0,0,0,0,0,0,0,0,0,0,0,0,0,0
249,1,-1,-1,-1,264,-1,-1,-1,-1,-1,-1,1423,0,-1,-1,-1,-1,0,0,0,0,0,0,0,0,0,0,0,0,0,0,0,0
251,1,-1,149,-1,-1,-1,-1,-1,-1,-1,-1,-1,0,-1,-1,-1,-1,0,0,0,0,0,0,0,0,0,0,0,0,0,0,0,0
252,2,-1,-1,-1,263,-1,-1,-1,-1,-1,-1,39,0,-1,-1,-1,-1,0,0,0,0,0,0,0,0,0,0,0,0,0,0,0,0
254,1,-1,265,-1,-1,-1,-1,-1,-1,-1,-1,1642,0,-1,-1,-1,-1,0,0,0,0,0,0,0,0,0,0,0,0,0,0,0,0
255,1,-1,266,-1,-1,-1,-1,-1,-1,-1,-1,3216,0,-1,-1,-1,-1,0,0,0,0,0,0,0,0,0,0,0,0,0,0,0,0
257,1,-1,-1,-1,268,-1,-1,-1,-1,-1,-1,0,0,-1,-1,-1,-1,0,0,0,0,0,0,0,0,0,0,0,0,0,0,0,0
259,0,55,-1,-1,-1,-1,-1,-1,-1,-1,-1,3216,0,-1,-1,-1,-1,0,0,0,0,0,0,0,0,0,0,0,0,0,0,0,0
260,0,-1,-1,-1,-1,-1,-1,-1,-1,-1,-1,3084,0,-1,-1,-1,-1,0,0,0,0,0,0,0,0,0,0,0,0,0,0,0,0
262,2,-1,-1,298,-1,-1,-1,-1,-1,-1,-1,0,0,-1,-1,-1,-1,4,0,0,0,0,0,0,0,0,0,0,0,0,0,0,0
263,0,53,-1,-1,-1,270,-1,-1,-1,-1,-1,0,0,-1,-1,-1,-1,5,0,0,0,1,0,0,0,0,0,0,0,0,0,0,0
265,0,53,-1,-1,-1,271,-1,-1,-1,-1,-1,2561,0,-1,-1,-1,-1,3,0,0,0,1,0,0,0,0,0,0,0,0,0,0,0
266,0,52,-1,-1,-1,272,272,-1,-1,-1,-1,3136,0,-1,-1,-1,-1,0,0,0,0,0,0,0,0,0,0,0,0,0,0,0,0
268,0,16,-1,-1,290,-1,-1,-1,-1,-1,-1,3223,0,-1,-1,-1,-1,0,0,0,0,0,0,0,0,0,0,0,0,0,0,0,0
269,0,118,-1,-1,273,-1,-1,-1,-1,-1,-1,3091,0,-1,-1,-1,-1,0,0,0,0,0,0,0,0,0,0,0,0,0,0,0,0
271,1,-1,-1,-1,335,-1,-1,-1,-1,-1,-1,1437,0,-1,-1,-1,-1,0,0,0,0,0,0,0,0,0,0,0,0,0,0,0,0
272,1,-1,-1,-1,274,-1,-1,-1,-1,-1,-1,1438,0,-1,-1,-1,-1,0,0,0,0,0,0,0,0,0,0,0,0,0,0,0,0
274,1,-1,-1,-1,-1,-1,-1,-1,-1,-1,-1,1440,0,-1,-1,-1,-1,0,0,0,0,0,0,0,0,0,0,0,0,0,0,0,0
275,0,123,-1,-1,-1,-1,-1,-1,-1,-1,-1,3084,0,-1,-1,-1,-1,0,0,0,0,0,0,0,0,0,0,0,0,0,0,0,0
277,1,-1,-1,-1,278,-1,-1,-1,-1,-1,-1,0,0,-1,-1,-1,-1,0,0,0,0,0,0,0,0,0,0,0,0,0,0,0,0
278,0,53,-1,-1,-1,-1,-1,-1,-1,-1,-1,0,0,-1,-1,-1,-1,0,0,0,0,0,0,0,0,0,0,0,0,0,0,0,0
280,0,14,-1,-1,-1,-1,-1,-1,-1,-1,-1,0,0,-1,-1,-1,-1,0,0,0,0,0,0,0,0,0,0,0,0,0,0,0,0
282,1,-1,-1,332,-1,-1,-1,-1,-1,-1,-1,1506,0,13,-1,-1,-1,7105791,0,0,0,0.5,0,0,0,0.5,0,0,0,0,0,0,0
283,1,-1,-1,281,-1,-1,-1,-1,-1,-1,-1,1506,0,-1,-1,-1,-1,22,0,0,0,22,0,0,0,22,0,0,0,22,0,0,0
450,1,-1,-1,426,-1,-1,-1,-1,-1,-1,-1,3075,0,-1,-1,-1,-1,0,0,0,0,0,0,0,0,0,0,0,0,0,0,0,0
451,1,74,410,-1,-1,-1,-1,-1,-1,-1,-1,0,0,-1,-1,-1,-1,0,0,0,0,0,0,0,0,0,0,0,0,0,0,0,0
452,1,74,410,-1,-1,-1,-1,-1,-1,-1,-1,0,0,-1,-1,-1,-1,0,0,0,0,0,0,0,0,0,0,0,0,0,0,0,0
453,1,74,244,-1,-1,-1,-1,-1,-1,-1,-1,0,0,-1,-1,-1,-1,0,0,0,0,0,0,0,0,0,0,0,0,0,0,0,0
455,1,74,244,-1,-1,-1,-1,-1,-1,-1,-1,0,0,-1,-1,-1,-1,0,0,0,0,0,0,0,0,0,0,0,0,0,0,0,0
456,1,-1,-1,-1,427,-1,-1,-1,-1,-1,-1,1455,0,-1,-1,-1,-1,0,0,0,0,0,0,0,0,0,0,0,0,0,0,0,0
458,1,-1,-1,-1,429,-1,-1,-1,-1,-1,-1,1455,0,-1,-1,-1,-1,0,0,0,0,0,0,0,0,0,0,0,0,0,0,0,0
459,1,-1,-1,-1,430,-1,-1,-1,-1,-1,-1,1455,0,-1,-1,-1,-1,0,0,0,0,0,0,0,0,0,0,0,0,0,0,0,0
461,1,-1,-1,-1,432,-1,-1,-1,-1,-1,-1,1455,0,-1,-1,-1,-1,0,0,0,0,0,0,0,0,0,0,0,0,0,0,0,0
462,0,61,-1,-1,-1,242,-1,-1,-1,-1,-1,0,0,-1,-1,-1,-1,0,0,0,0,0,0,0,0,0,0,0,0,0,0,0,0
464,2,-1,-1,-1,435,-1,-1,-1,-1,-1,-1,1505,0,-1,-1,-1,-1,0,0,0,0,0,0,0,0,0,0,0,0,0,0,0,0
465,1,-1,436,-1,-1,-1,-1,-1,-1,-1,-1,3086,0,-1,-1,-1,-1,0,0,0,0,0,0,0,0,0,0,0,0,0,0,0,0
467,2,-1,-1,-1,257,-1,-1,-1,-1,-1,-1,18,3,-1,-1,-1,-1,0,0,0,0,0,0,0,0,0,0,0,0,0,0,0,0
468,0,59,-1,-1,-1,-1,-1,-1,-1,-1,-1,0,0,-1,-1,-1,-1,0,0,0,0,0,0,0,0,0,0,0,0,0,0,0,0
470,1,-1,-1,298,-1,-1,-1,-1,-1,-1,-1,0,0,-1,-1,-1,-1,0,0,0,0,0,0,0,0,0,0,0,0,0,0,0,0
471,1,-1,-1,-1,-1,-1,-1,-1,-1,-1,-1,0,0,-1,-1,-1,-1,0,0,0,0,0,0,0,0,0,0,0,0,0,0,0,0
473,2,124,-1,-1,-1,271,-1,-1,-1,-1,-1,0,0,0,-1,-1,-1,4,0,0,0,1,0,0,0,1,0,0,0,0,0,0,0
475,0,53,-1,439,-1,-1,-1,-1,-1,-1,-1,2562,0,8,-1,-1,-1,16317734,0,0,0,20,0,0,0,300,0,0,0,50,0,0,0
476,0,54,-1,-1,-1,73,73,-1,-1,-1,-1,2561,0,-1,-1,-1,-1,0,0,0,0,0,0,0,0,0,0,0,0,0,0,0,0
478,0,54,466,-1,-1,-1,-1,-1,-1,-1,-1,2561,0,-1,-1,-1,-1,0,0,0,0,0,0,0,0,0,0,0,0,0,0,0,0
479,0,17,-1,-1,-1,-1,-1,-1,-1,-1,-1,0,0,8,-1,-1,-1,15608624,0,0,0,20,0,0,0,600,0,0,0,100,0,0,0
481,1,-1,-1,262,-1,-1,-1,-1,-1,-1,-1,0,0,-1,-1,-1,-1,0,0,0,0,0,0,0,0,0,0,0,0,0,0,0,0
482,0,-1,-1,-1,-1,-1,287,-1,-1,-1,-1,1484,0,-1,-1,-1,-1,0,0,0,0,0,0,0,0,0,0,0,0,0,0,0,0
484,0,118,-1,-1,442,-1,-1,-1,-1,-1,-1,2562,0,-1,-1,-1,-1,0,0,0,0,0,0,0,0,0,0,0,0,0,0,0,0
485,1,-1,-1,444,-1,-1,-1,-1,-1,-1,-1,3329,0,-1,-1,-1,-1,0,0,0,0,0,0,0,0,0,0,0,0,0,0,0,0
487,1,-1,-1,445,-1,-1,-1,-1,-1,-1,-1,3320,0,-1,-1,-1,-1,15130637,0,0,0,1,0,0,0,500,0,0,0,3,0,0,0
488,2,-1,469,-1,-1,-1,-1,-1,-1,-1,-1,3178,0,-1,-1,-1,-1,0,0,0,0,0,0,0,0,0,0,0,0,0,0,0,0
490,2,-1,-1,-1,448,-1,-1,-1,-1,-1,-1,0,0,-1,-1,-1,-1,0,0,0,0,0,0,0,0,0,0,0,0,0,0,0,0
492,0,-1,-1,-1,-1,-1,-1,-1,-1,-1,-1,1491,0,-1,-1,-1,-1,0,0,0,0,0,0,0,0,0,0,0,0,0,0,0,0
493,0,-1,-1,-1,-1,310,310,-1,-1,-1,-1,2560,0,-1,-1,-1,-1,0,0,0,0,0,0,0,0,0,0,0,0,0,0,0,0
495,1,-1,-1,-1,450,-1,-1,-1,-1,-1,-1,3331,0,-1,-1,-1,-1,0,0,0,0,0,0,0,0,0,0,0,0,0,0,0,0
496,1,-1,-1,-1,451,-1,-1,-1,-1,-1,-1,0,0,-1,-1,-1,-1,0,0,0,0,0,0,0,0,0,0,0,0,0,0,0,0
498,1,-1,452,-1,-1,-1,-1,-1,-1,-1,-1,3231,0,-1,-1,-1,-1,0,0,0,0,0,0,0,0,0,0,0,0,0,0,0,0
499,2,-1,453,-1,-1,-1,-1,-1,-1,-1,-1,0,0,-1,-1,-1,-1,0,0,0,0,0,0,0,0,0,0,0,0,0,0,0,0
501,1,-1,-1,455,-1,-1,-1,-1,-1,-1,-1,3135,0,-1,-1,-1,-1,0,0,0,0,0,0,0,0,0,0,0,0,0,0,0,0
502,2,-1,-1,457,-1,-1,-1,-1,-1,-1,-1,0,0,-1,-1,-1,-1,0,0,0,0,0,0,0,0,0,0,0,0,0,0,0,0
504,0,-1,-1,-1,-1,-1,-1,-1,-1,-1,-1,0,0,-1,-1,-1,-1,0,0,0,0,0,0,0,0,0,0,0,0,0,0,0,0
505,2,-1,255,-1,-1,-1,-1,-1,-1,-1,-1,0,0,-1,-1,-1,-1,0,0,0,0,0,0,0,0,0,0,0,0,0,0,0,0
507,1,-1,-1,458,-1,-1,-1,-1,-1,-1,-1,3112,0,-1,-1,-1,-1,0,0,0,0,0,0,0,0,0,0,0,0,0,0,0,0
508,1,-1,-1,459,-1,-1,-1,-1,-1,-1,-1,3219,0,-1,-1,-1,-1,0,0,0,0,0,0,0,0,0,0,0,0,0,0,0,0
510,0,-1,-1,-1,461,-1,-1,-1,-1,-1,-1,3114,0,-1,-1,-1,-1,0,0,0,0,0,0,0,0,0,0,0,0,0,0,0,0
511,1,-1,464,-1,-1,-1,-1,-1,-1,-1,-1,3220,0,-1,-1,-1,-1,0,0,0,0,0,0,0,0,0,0,0,0,0,0,0,0
513,1,-1,-1,-1,257,-1,-1,-1,-1,-1,-1,0,4,-1,-1,-1,-1,0,0,0,0,0,0,0,0,0,0,0,0,0,0,0,0
514,2,-1,-1,-1,-1,-1,-1,-1,-1,-1,-1,0,0,-1,-1,-1,-1,0,0,0,0,0,0,0,0,0,0,0,0,0,0,0,0
515,1,-1,-1,-1,-1,-1,-1,-1,-1,-1,-1,0,0,-1,-1,-1,-1,0,0,0,0,0,0,0,0,0,0,0,0,0,0,0,0
516,0,54,-1,-1,465,-1,-1,-1,-1,-1,-1,2549,0,-1,-1,-1,-1,0,0,0,0,0,0,0,0,0,0,0,0,0,0,0,0
517,0,16,-1,-1,-1,-1,-1,-1,-1,-1,-1,2988,0,-1,-1,-1,-1,0,0,0,0,0,0,0,0,0,0,0,0,0,0,0,0
518,0,-1,-1,-1,-1,-1,-1,-1,-1,-1,-1,0,0,-1,-1,-1,-1,0,0,0,0,0,0,0,0,0,0,0,0,0,0,0,0
519,0,-1,-1,-1,-1,-1,-1,-1,-1,-1,-1,2552,0,-1,-1,-1,-1,0,0,0,0,0,0,0,0,0,0,0,0,0,0,0,0
520,0,-1,-1,-1,-1,102,102,-1,-1,-1,-1,2560,0,-1,-1,-1,-1,0,0,0,0,0,0,0,0,0,0,0,0,0,0,0,0
521,0,-1,-1,-1,-1,-1,-1,-1,-1,-1,-1,0,0,-1,-1,-1,-1,0,0,0,0,0,0,0,0,0,0,0,0,0,0,0,0
522,0,-1,-1,-1,-1,-1,-1,-1,-1,-1,-1,2874,0,-1,-1,-1,-1,0,0,0,0,0,0,0,0,0,0,0,0,0,0,0,0
523,2,-1,-1,-1,423,-1,-1,-1,-1,-1,-1,1432,0,-1,-1,-1,-1,0,0,0,0,0,0,0,0,0,0,0,0,0,0,0,0
524,2,-1,-1,-1,467,-1,-1,-1,-1,-1,-1,1432,0,-1,-1,-1,-1,0,0,0,0,0,0,0,0,0,0,0,0,0,0,0,0
526,1,-1,-1,350,-1,-1,-1,-1,-1,-1,-1,3325,0,-1,-1,-1,-1,0,0,0,0,0,0,0,0,0,0,0,0,0,0,0,0
527,1,-1,-1,-1,468,-1,-1,-1,-1,-1,-1,3220,0,-1,-1,-1,-1,0,0,0,0,0,0,0,0,0,0,0,0,0,0,0,0
529,0,-1,-1,-1,-1,-1,-1,-1,-1,-1,-1,0,0,-1,-1,-1,-1,0,0,0,0,0,0,0,0,0,0,0,0,0,0,0,0
530,2,-1,-1,228,-1,-1,-1,-1,-1,-1,-1,0,0,-1,-1,-1,-1,0,0,0,0,0,0,0,0,0,0,0,0,0,0,0,0
532,2,-1,-1,-1,-1,-1,-1,-1,-1,-1,-1,0,0,-1,-1,-1,-1,0,0,0,0,0,0,0,0,0,0,0,0,0,0,0,0
533,2,-1,-1,-1,428,-1,-1,-1,-1,-1,-1,1455,0,-1,-1,-1,-1,0,0,0,0,0,0,0,0,0,0,0,0,0,0,0,0
535,2,-1,470,-1,-1,-1,-1,-1,-1,-1,-1,1501,0,-1,-1,-1,-1,0,0,0,0,0,0,0,0,0,0,0,0,0,0,0,0
536,0,-1,-1,-1,-1,-1,-1,-1,-1,-1,-1,50,0,-1,-1,-1,-1,0,0,0,0,0,0,0,0,0,0,0,0,0,0,0,0
538,0,-1,-1,-1,349,-1,-1,-1,-1,-1,-1,35,5,-1,-1,-1,-1,0,0,0,0,0,0,0,0,0,0,0,0,0,0,0,0
539,0,-1,-1,-1,-1,-1,-1,-1,-1,-1,-1,0,0,-1,-1,-1,-1,0,0,0,0,0,0,0,0,0,0,0,0,0,0,0,0
541,2,-1,-1,-1,355,-1,-1,-1,-1,-1,-1,1493,0,-1,-1,-1,-1,0,0,0,0,0,0,0,0,0,0,0,0,0,0,0,0
542,1,-1,475,-1,-1,-1,-1,-1,-1,-1,-1,1423,0,-1,-1,-1,-1,0,0,0,0,0,0,0,0,0,0,0,0,0,0,0,0
544,2,-1,255,-1,-1,-1,-1,-1,-1,-1,-1,0,0,-1,-1,-1,-1,0,0,0,0,0,0,0,0,0,0,0,0,0,0,0,0
545,0,62,-1,-1,-1,-1,477,-1,-1,-1,-1,4614,0,-1,-1,-1,-1,0,0,0,0,0,0,0,0,0,0,0,0,0,0,0,0
547,0,-1,-1,-1,-1,-1,-1,-1,-1,-1,-1,0,0,8,-1,-1,-1,15738920,0,0,0,20,0,0,0,600,0,0,0,100,0,0,0
548,0,-1,-1,-1,-1,-1,-1,-1,-1,-1,-1,0,0,-1,-1,-1,-1,0,0,0,0,0,0,0,0,0,0,0,0,0,0,0,0
550,1,-1,-1,-1,-1,-1,-1,-1,-1,-1,-1,0,0,-1,-1,-1,-1,0,0,0,0,0,0,0,0,0,0,0,0,0,0,0,0
551,1,-1,-1,-1,-1,-1,-1,-1,-1,-1,-1,0,0,-1,-1,-1,-1,0,0,0,0,0,0,0,0,0,0,0,0,0,0,0,0
553,1,-1,-1,-1,-1,-1,-1,-1,-1,-1,-1,0,0,-1,-1,-1,-1,0,0,0,0,0,0,0,0,0,0,0,0,0,0,0,0
554,0,-1,-1,-1,-1,-1,-1,-1,-1,-1,-1,0,0,-1,-1,-1,-1,0,0,0,0,0,0,0,0,0,0,0,0,0,0,0,0
556,1,-1,-1,479,-1,-1,-1,-1,-1,-1,-1,3071,0,-1,-1,-1,-1,0,0,0,0,0,0,0,0,0,0,0,0,0,0,0,0
557,0,-1,-1,-1,-1,-1,-1,-1,-1,-1,-1,3091,0,8,-1,-1,-1,5767344,0,0,0,20,0,0,0,600,0,0,0,100,0,0,0
559,1,-1,-1,481,-1,-1,-1,-1,-1,-1,-1,3218,0,-1,-1,-1,-1,0,0,0,0,0,0,0,0,0,0,0,0,0,0,0,0
560,2,-1,50,-1,-1,-1,-1,-1,-1,-1,-1,0,0,-1,-1,-1,-1,0,0,0,0,0,0,0,0,0,0,0,0,0,0,0,0
562,0,-1,-1,-1,-1,146,146,-1,-1,-1,-1,27,0,-1,-1,-1,-1,0,0,0,0,0,0,0,0,0,0,0,0,0,0,0,0
563,1,-1,-1,-1,-1,-1,-1,-1,-1,-1,-1,2579,0,-1,-1,-1,-1,0,0,0,0,0,0,0,0,0,0,0,0,0,0,0,0
565,1,-1,-1,-1,73,-1,-1,-1,-1,-1,-1,0,0,-1,-1,-1,-1,0,0,0,0,0,0,0,0,0,0,0,0,0,0,0,0
566,2,-1,-1,-1,-1,-1,-1,-1,-1,-1,-1,0,0,1,-1,-1,-1,7382526,0,0,0,0.5,0,0,0,1,0,0,0,0,0,0,0
587,2,-1,-1,-1,-1,-1,-1,-1,-1,-1,-1,0,0,1,-1,-1,-1,8289918,0,0,0,0.5,0,0,0,1,0,0,0,0,0,0,0
588,1,-1,482,-1,-1,-1,-1,-1,-1,-1,-1,-1,0,-1,-1,-1,-1,0,0,0,0,0,0,0,0,0,0,0,0,0,0,0,0
606,4,-1,-1,-1,-1,-1,-1,-1,-1,-1,-1,0,0,13,-1,-1,-1,11534340,11534340,0,0,0.5,0.5,0,0,0.5,0.5,0,0,0,0,0,0
607,2,-1,-1,-1,-1,-1,-1,-1,-1,-1,-1,0,0,-1,-1,-1,-1,0,0,0,0,0,0,0,0,0,0,0,0,0,0,0,0
608,1,-1,-1,502,-1,-1,-1,-1,-1,-1,-1,1507,0,-1,-1,-1,-1,0,0,0,0,0,0,0,0,0,0,0,0,0,0,0,0
626,0,-1,-1,-1,-1,-1,88,-1,-1,-1,-1,0,0,-1,-1,-1,-1,0,0,0,0,0,0,0,0,0,0,0,0,0,0,0,0
648,1,-1,-1,522,-1,-1,-1,-1,-1,-1,-1,3092,0,-1,-1,-1,-1,0,0,0,0,0,0,0,0,0,0,0,0,0,0,0,0
650,0,-1,-1,-1,-1,-1,88,-1,-1,-1,-1,0,0,-1,-1,-1,-1,0,0,0,0,0,0,0,0,0,0,0,0,0,0,0,0
651,1,-1,-1,526,-1,-1,-1,-1,-1,-1,-1,3071,0,-1,-1,-1,-1,0,0,0,0,0,0,0,0,0,0,0,0,0,0,0,0
653,2,-1,-1,97,-1,-1,-1,-1,-1,-1,-1,2617,0,1,-1,-1,-1,7012975,0,0,0,0.3,0,0,0,0.3,0,0,0,0,0,0,0
654,0,-1,-1,-1,-1,-1,-1,-1,-1,-1,-1,2561,0,-1,-1,-1,-1,0,0,0,0,0,0,0,0,0,0,0,0,0,0,0,0
655,0,-1,-1,-1,-1,-1,-1,-1,-1,-1,-1,2984,0,-1,-1,-1,-1,0,0,0,0,0,0,0,0,0,0,0,0,0,0,0,0
186,0,52,-1,-1,-1,130,130,-1,-1,-1,-1,741,0,-1,-1,-1,-1,0,0,0,0,0,0,0,0,0,0,0,0,0,0,0,0
188,0,53,-1,-1,-1,130,130,-1,-1,-1,-1,2561,0,-1,-1,-1,-1,0,0,0,0,0,0,0,0,0,0,0,0,0,0,0,0
189,0,54,-1,-1,-1,130,130,-1,-1,-1,-1,2562,0,-1,-1,-1,-1,0,0,0,0,0,0,0,0,0,0,0,0,0,0,0,0
191,0,54,-1,-1,-1,131,131,-1,-1,-1,-1,0,0,-1,-1,-1,-1,0,0,0,0,0,0,0,0,0,0,0,0,0,0,0,0
192,0,51,-1,-1,123,131,131,-1,-1,-1,-1,742,0,-1,-1,-1,-1,0,0,0,0,0,0,0,0,0,0,0,0,0,0,0,0
194,0,51,-1,-1,-1,117,117,-1,-1,-1,-1,20,0,-1,-1,-1,-1,0,0,0,0,0,0,0,0,0,0,0,0,0,0,0,0
195,0,52,-1,-1,-1,117,117,-1,-1,-1,-1,703,0,-1,-1,-1,-1,0,0,0,0,0,0,0,0,0,0,0,0,0,0,0,0
197,0,52,-1,-1,-1,117,121,-1,-1,-1,-1,20,0,-1,-1,-1,-1,0,0,0,0,0,0,0,0,0,0,0,0,0,0,0,0
198,0,51,221,-1,122,126,126,-1,-1,-1,-1,0,0,-1,-1,-1,-1,0,0,0,0,0,0,0,0,0,0,0,0,0,0,0,0
200,0,51,54,-1,128,127,127,-1,-1,-1,-1,0,0,-1,-1,-1,-1,0,0,0,0,0,0,0,0,0,0,0,0,0,0,0,0
201,0,52,54,-1,128,127,127,-1,-1,-1,-1,0,0,-1,-1,-1,-1,0,0,0,0,0,0,0,0,0,0,0,0,0,0,0,0
203,0,54,-1,-1,-1,117,117,-1,-1,-1,-1,2559,0,-1,-1,-1,-1,0,0,0,0,0,0,0,0,0,0,0,0,0,0,0,0
204,0,53,-1,-1,-1,121,121,-1,-1,-1,-1,2559,0,-1,-1,-1,-1,0,0,0,0,0,0,0,0,0,0,0,0,0,0,0,0
206,0,53,-1,-1,-1,126,126,-1,-1,-1,-1,0,0,-1,-1,-1,-1,0,0,0,0,0,0,0,0,0,0,0,0,0,0,0,0
207,0,54,-1,-1,-1,126,126,-1,-1,-1,-1,0,0,-1,-1,-1,-1,0,0,0,0,0,0,0,0,0,0,0,0,0,0,0,0
209,0,54,-1,-1,-1,121,121,-1,-1,-1,-1,2559,0,-1,-1,-1,-1,0,0,0,0,0,0,0,0,0,0,0,0,0,0,0,0
211,1,-1,-1,125,222,-1,-1,-1,-1,-1,-1,1272,0,-1,-1,-1,-1,0,0,0,0,0,0,0,0,0,0,0,0,0,0,0,0
213,1,-1,-1,217,-1,-1,-1,-1,-1,-1,-1,0,0,-1,-1,-1,-1,0,0,0,0,0,0,0,0,0,0,0,0,0,0,0,0
214,1,-1,-1,214,-1,-1,-1,-1,-1,-1,-1,7,0,-1,-1,-1,-1,0,0,0,0,0,0,0,0,0,0,0,0,0,0,0,0
216,1,-1,-1,216,-1,-1,-1,-1,-1,-1,-1,0,0,-1,-1,-1,-1,0,0,0,0,0,0,0,0,0,0,0,0,0,0,0,0
752,0,-1,-1,-1,441,-1,-1,-1,-1,-1,-1,1505,0,-1,-1,-1,-1,0,0,0,0,0,0,0,0,0,0,0,0,0,0,0,0
753,0,-1,-1,-1,593,-1,-1,-1,-1,-1,-1,1505,0,-1,-1,-1,-1,0,0,0,0,0,0,0,0,0,0,0,0,0,0,0,0
764,0,17,-1,-1,-1,-1,-1,-1,-1,-1,-1,0,0,8,-1,-1,-1,11534340,0,0,0,20,0,0,0,600,0,0,0,100,0,0,0
765,0,123,-1,-1,-1,272,272,-1,-1,-1,-1,1164,0,-1,-1,-1,-1,0,0,0,0,0,0,0,0,0,0,0,0,0,0,0,0
766,0,53,-1,-1,-1,392,306,-1,-1,-1,-1,1164,0,-1,-1,-1,-1,0,0,0,0,0,0,0,0,0,0,0,0,0,0,0,0
767,2,-1,-1,-1,614,-1,-1,-1,-1,-1,-1,3077,0,1,-1,-1,-1,15616072,0,0,0,0.25,0,0,0,2,0,0,0,6,0,0,0
768,1,-1,615,-1,-1,-1,-1,-1,-1,-1,-1,1456,0,-1,-1,-1,-1,0,0,0,0,0,0,0,0,0,0,0,0,0,0,0,0
769,4,121,-1,-1,284,-1,-1,-1,-1,-1,-1,0,0,13,-1,-1,-1,796108,0,0,0,0.5,0,0,0,0.25,0,0,0,0,0,0,0
770,0,54,-1,-1,282,-1,-1,-1,-1,-1,-1,3076,0,-1,-1,-1,-1,0,0,0,0,0,0,0,0,0,0,0,0,0,0,0,0
771,2,-1,381,381,381,381,381,381,-1,-1,-1,0,0,1,-1,-1,-1,7895160,0,0,0,1,0,0,0,1,0,0,0,1,0,0,0
772,0,53,-1,-1,-1,-1,73,-1,-1,-1,-1,1105,0,-1,-1,-1,-1,0,0,0,0,0,0,0,0,0,0,0,0,0,0,0,0
774,1,-1,-1,-1,-1,-1,-1,-1,-1,-1,-1,0,0,-1,-1,-1,-1,0,0,0,0,0,0,0,0,0,0,0,0,0,0,0,0
775,0,70,-1,-1,-1,-1,-1,-1,-1,-1,-1,0,0,-1,-1,-1,-1,0,0,0,0,0,0,0,0,0,0,0,0,0,0,0,0
777,2,-1,-1,-1,-1,-1,-1,94,-1,-1,-1,0,0,-1,-1,-1,-1,0,0,0,0,0,0,0,0,0,0,0,0,0,0,0,0
778,0,-1,-1,-1,-1,-1,146,-1,-1,-1,-1,1105,0,-1,-1,-1,-1,0,0,0,0,0,0,0,0,0,0,0,0,0,0,0,0
780,2,-1,413,-1,-1,-1,-1,-1,-1,-1,-1,3313,0,-1,-1,-1,-1,0,0,0,0,0,0,0,0,0,0,0,0,0,0,0,0
782,1,-1,-1,291,-1,-1,-1,-1,-1,-1,-1,0,0,-1,-1,-1,-1,0,0,0,0,0,0,0,0,0,0,0,0,0,0,0,0
783,0,-1,-1,291,-1,-1,-1,-1,-1,-1,-1,0,0,-1,-1,-1,-1,0,0,0,0,0,0,0,0,0,0,0,0,0,0,0,0
785,0,-1,17,17,17,17,17,17,-1,-1,-1,0,0,-1,-1,-1,-1,0,0,0,0,0,0,0,0,0,0,0,0,0,0,0,0
786,0,-1,-1,-1,239,-1,-1,-1,-1,-1,-1,2617,0,-1,-1,-1,-1,0,0,0,0,0,0,0,0,0,0,0,0,0,0,0,0
787,2,-1,-1,478,-1,-1,94,-1,-1,-1,-1,3215,0,-1,-1,-1,-1,0,0,0,0,0,0,0,0,0,0,0,0,0,0,0,0
789,0,53,-1,-1,-1,-1,-1,288,-1,-1,-1,0,0,-1,-1,-1,-1,0,0,0,0,0,0,0,0,0,0,0,0,0,0,0,0
790,0,-1,-1,-1,-1,-1,-1,287,-1,-1,-1,51,0,-1,-1,-1,-1,0,0,0,0,0,0,0,0,0,0,0,0,0,0,0,0
792,0,32,-1,-1,-1,298,298,-1,-1,-1,-1,0,0,0,-1,-1,-1,5,0,0,0,1,0,0,0,0,0,0,0,0,0,0,0
794,0,14,-1,-1,-1,-1,-1,-1,-1,-1,-1,0,0,-1,-1,-1,-1,0,0,0,0,0,0,0,0,0,0,0,0,0,0,0,0
795,1,14,540,-1,-1,-1,-1,-1,-1,-1,-1,3111,0,-1,-1,-1,-1,0,0,0,0,0,0,0,0,0,0,0,0,0,0,0,0
796,0,-1,-1,-1,-1,-1,146,-1,-1,-1,-1,0,0,-1,-1,-1,-1,0,0,0,0,0,0,0,0,0,0,0,0,0,0,0,0
798,1,-1,-1,-1,619,-1,-1,-1,-1,-1,-1,37,0,-1,-1,-1,-1,0,0,0,0,0,0,0,0,0,0,0,0,0,0,0,0
800,0,-1,-1,-1,-1,-1,-1,17,-1,-1,-1,2560,0,-1,-1,-1,-1,0,0,0,0,0,0,0,0,0,0,0,0,0,0,0,0
801,4,123,-1,-1,-1,-1,-1,-1,-1,-1,-1,0,0,-1,-1,-1,-1,0,0,0,0,0,0,0,0,0,0,0,0,0,0,0,0
802,0,129,-1,-1,-1,458,458,-1,-1,-1,-1,1489,0,-1,-1,-1,-1,0,0,0,0,0,0,0,0,0,0,0,0,0,0,0,0
804,0,49,-1,-1,-1,-1,-1,-1,-1,-1,-1,1146,0,-1,-1,-1,-1,0,0,0,0,0,0,0,0,0,0,0,0,0,0,0,0
806,1,121,-1,-1,323,-1,-1,-1,-1,-1,-1,49,0,-1,-1,-1,-1,0,0,0,0,0,0,0,0,0,0,0,0,0,0,0,0
807,0,54,-1,-1,376,-1,-1,-1,-1,-1,-1,2560,0,-1,-1,-1,-1,0,0,0,0,0,0,0,0,0,0,0,0,0,0,0,0
809,1,-1,-1,-1,228,-1,-1,-1,-1,-1,-1,3134,0,-1,-1,-1,-1,0,0,0,0,0,0,0,0,0,0,0,0,0,0,0,0
810,1,-1,-1,-1,593,-1,-1,-1,-1,-1,-1,3322,0,-1,-1,-1,-1,0,0,0,0,0,0,0,0,0,0,0,0,0,0,0,0
812,0,55,-1,-1,-1,-1,-1,-1,-1,-1,-1,3326,0,-1,-1,-1,-1,0,0,0,0,0,0,0,0,0,0,0,0,0,0,0,0
813,1,-1,-1,621,-1,-1,-1,-1,-1,-1,-1,3134,0,-1,-1,-1,-1,0,0,0,0,0,0,0,0,0,0,0,0,0,0,0,0
815,1,-1,-1,228,-1,-1,-1,-1,-1,-1,-1,49,0,-1,-1,-1,-1,0,0,0,0,0,0,0,0,0,0,0,0,0,0,0,0
816,2,14,-1,298,-1,-1,-1,-1,-1,-1,-1,0,0,0,-1,-1,-1,8,0,0,0,1,0,0,0,1,0,0,0,0,0,0,0
818,2,123,-1,-1,-1,-1,622,-1,-1,-1,-1,1164,0,-1,-1,-1,-1,0,0,0,0,0,0,0,0,0,0,0,0,0,0,0,0
819,0,130,-1,-1,-1,-1,-1,-1,-1,-1,-1,0,0,-1,-1,-1,-1,0,0,0,0,0,0,0,0,0,0,0,0,0,0,0,0
821,2,-1,-1,-1,-1,-1,-1,-1,-1,-1,-1,0,0,1,-1,-1,-1,167160,0,0,0,0.7,0,0,0,1,0,0,0,0,0,0,0
822,0,57,-1,-1,-1,-1,-1,-1,-1,-1,-1,0,0,8,-1,-1,-1,13240585,0,0,0,17,0,0,0,500,0,0,0,120,0,0,0
823,0,57,-1,-1,-1,-1,-1,-1,-1,-1,-1,4121,0,8,-1,-1,-1,5763289,0,0,0,25,0,0,0,700,0,0,0,65,0,0,0
825,2,-1,-1,368,-1,-1,-1,-1,-1,-1,-1,3071,0,8,-1,-1,-1,4557483,0,0,0,25,0,0,0,550,0,0,0,70,0,0,0
826,0,74,17,17,239,17,17,17,-1,-1,-1,745,0,-1,-1,-1,-1,0,0,0,0,0,0,0,0,0,0,0,0,0,0,0,0
828,4,10,-1,624,-1,-1,-1,-1,-1,-1,-1,743,0,13,-1,-1,-1,9372315,0,0,0,0.5,0,0,0,0.5,0,0,0,0,0,0,0
829,0,133,-1,-1,-1,-1,-1,-1,-1,-1,-1,3354,0,-1,-1,-1,-1,0,0,0,0,0,0,0,0,0,0,0,0,0,0,0,0
831,1,-1,-1,-1,268,-1,-1,-1,-1,-1,-1,1505,0,-1,-1,-1,-1,0,0,0,0,0,0,0,0,0,0,0,0,0,0,0,0
832,0,54,-1,-1,-1,459,-1,-1,-1,-1,-1,3219,0,-1,-1,-1,-1,0,0,0,0,0,0,0,0,0,0,0,0,0,0,0,0
833,0,17,-1,-1,-1,-1,288,-1,-1,-1,-1,38,0,-1,-1,-1,-1,0,0,0,0,0,0,0,0,0,0,0,0,0,0,0,0
834,2,14,459,-1,-1,-1,-1,-1,-1,-1,-1,3219,0,-1,-1,-1,-1,0,0,0,0,0,0,0,0,0,0,0,0,0,0,0,0
835,1,82,-1,447,-1,-1,-1,-1,-1,-1,-1,3221,0,-1,-1,-1,-1,0,0,0,0,0,0,0,0,0,0,0,0,0,0,0,0
836,0,-1,-1,-1,257,-1,-1,-1,-1,-1,-1,38,0,-1,-1,-1,-1,0,0,0,0,0,0,0,0,0,0,0,0,0,0,0,0
837,1,-1,-1,-1,626,-1,-1,-1,-1,-1,-1,0,0,-1,-1,-1,-1,0,0,0,0,0,0,0,0,0,0,0,0,0,0,0,0
838,0,108,-1,-1,-1,-1,251,-1,-1,-1,-1,0,0,-1,-1,-1,-1,0,0,0,0,0,0,0,0,0,0,0,0,0,0,0,0
839,1,64,251,-1,-1,-1,-1,-1,-1,-1,-1,0,0,-1,-1,-1,-1,0,0,0,0,0,0,0,0,0,0,0,0,0,0,0,0
840,2,-1,251,-1,-1,-1,-1,-1,-1,-1,-1,0,0,-1,-1,-1,-1,0,0,0,0,0,0,0,0,0,0,0,0,0,0,0,0
841,2,-1,-1,-1,284,-1,-1,-1,-1,-1,-1,0,0,-1,-1,-1,-1,0,0,0,0,0,0,0,0,0,0,0,0,0,0,0,0
842,2,-1,-1,-1,-1,-1,-1,-1,-1,-1,-1,0,0,1,-1,-1,-1,13210825,0,0,0,0.2,0,0,0,0,0,0,0,0,0,0,0
843,1,-1,394,-1,-1,-1,-1,-1,-1,-1,-1,0,0,-1,-1,-1,-1,0,0,0,0,0,0,0,0,0,0,0,0,0,0,0,0
845,1,-1,-1,-1,628,-1,-1,-1,-1,-1,-1,4374,0,-1,-1,-1,-1,0,0,0,0,0,0,0,0,0,0,0,0,0,0,0,0
846,1,-1,-1,-1,674,-1,-1,-1,-1,-1,-1,39,0,-1,-1,-1,-1,0,0,0,0,0,0,0,0,0,0,0,0,0,0,0,0
848,2,-1,-1,-1,-1,-1,-1,-1,-1,-1,-1,0,0,-1,-1,-1,-1,0,0,0,0,0,0,0,0,0,0,0,0,0,0,0,0
849,1,-1,631,-1,-1,-1,-1,-1,-1,-1,-1,0,0,-1,-1,-1,-1,0,0,0,0,0,0,0,0,0,0,0,0,0,0,0,0
851,1,122,-1,-1,-1,-1,-1,-1,-1,-1,-1,0,0,-1,-1,-1,-1,0,0,0,0,0,0,0,0,0,0,0,0,0,0,0,0
852,2,122,-1,-1,-1,-1,243,-1,-1,-1,-1,1162,0,-1,-1,-1,-1,0,0,0,0,0,0,0,0,0,0,0,0,0,0,0,0
854,2,-1,-1,-1,-1,285,285,-1,-1,-1,-1,38,0,-1,-1,-1,-1,0,0,0,0,0,0,0,0,0,0,0,0,0,0,0,0
855,0,17,-1,-1,-1,285,285,-1,-1,-1,-1,0,0,-1,-1,-1,-1,0,0,0,0,0,0,0,0,0,0,0,0,0,0,0,0
857,0,54,-1,-1,375,-1,-1,-1,-1,-1,-1,3113,0,-1,-1,-1,-1,0,0,0,0,0,0,0,0,0,0,0,0,0,0,0,0
858,2,-1,-1,455,-1,-1,-1,-1,-1,-1,-1,3135,0,-1,-1,-1,-1,0,0,0,0,0,0,0,0,0,0,0,0,0,0,0,0
860,1,-1,591,-1,-1,-1,-1,-1,-1,-1,-1,3213,0,-1,-1,-1,-1,0,0,0,0,0,0,0,0,0,0,0,0,0,0,0,0
861,2,41,-1,-1,355,-1,-1,-1,-1,-1,-1,0,0,-1,-1,-1,-1,0,0,0,0,0,0,0,0,0,0,0,0,0,0,0,0
863,0,141,-1,-1,-1,146,146,-1,-1,-1,-1,0,0,-1,-1,-1,-1,0,0,0,0,0,0,0,0,0,0,0,0,0,0,0,0
864,0,-1,-1,-1,-1,73,73,-1,-1,-1,-1,2561,0,-1,-1,-1,-1,0,0,0,0,0,0,0,0,0,0,0,0,0,0,0,0
866,0,82,-1,-1,-1,480,480,-1,-1,-1,-1,3111,3,-1,-1,-1,-1,0,0,0,0,0,0,0,0,0,0,0,0,0,0,0,0
867,2,-1,-1,-1,-1,-1,-1,-1,-1,-1,-1,0,0,7,-1,-1,-1,0,0,0,0,2,0,0,0,1,0,0,0,0,0,0,0
869,0,112,-1,-1,-1,-1,258,-1,-1,-1,-1,0,0,-1,-1,-1,-1,0,0,0,0,0,0,0,0,0,0,0,0,0,0,0,0
870,4,9,-1,-1,-1,-1,-1,754,-1,-1,-1,3373,0,-1,-1,-1,-1,12706047,0,0,0,2,0,0,0,2,0,0,0,4,0,0,0
884,1,-1,654,-1,-1,-1,-1,-1,-1,-1,-1,0,0,1,-1,-1,-1,14556460,0,0,0,40,0,0,0,0.8,0,0,0,2,0,0,0
885,1,139,-1,-1,-1,-1,-1,-1,-1,-1,-1,0,0,-1,-1,-1,-1,0,0,0,0,0,0,0,0,0,0,0,0,0,0,0,0
887,0,130,-1,-1,565,-1,-1,-1,-1,-1,-1,0,4,-1,-1,-1,-1,0,0,0,0,0,0,0,0,0,0,0,0,0,0,0,0
888,0,54,-1,-1,349,-1,-1,-1,-1,-1,-1,0,4,-1,-1,-1,-1,0,0,0,0,0,0,0,0,0,0,0,0,0,0,0,0
890,1,-1,-1,-1,586,-1,-1,-1,-1,-1,-1,3412,0,-1,-1,-1,-1,0,0,0,0,0,0,0,0,0,0,0,0,0,0,0,0
891,2,78,-1,-1,-1,-1,-1,-1,-1,-1,-1,0,0,-1,-1,-1,-1,0,0,0,0,0,0,0,0,0,0,0,0,0,0,0,0
893,0,53,-1,-1,-1,-1,-1,293,-1,-1,-1,2561,0,-1,-1,-1,-1,0,0,0,0,0,0,0,0,0,0,0,0,0,0,0,0
894,0,32,-1,-1,-1,-1,-1,-1,-1,-1,-1,0,7,-1,-1,-1,-1,0,0,0,0,0,0,0,0,0,0,0,0,0,0,0,0
896,0,123,-1,-1,-1,135,135,-1,-1,-1,-1,0,0,-1,-1,-1,-1,0,0,0,0,0,0,0,0,0,0,0,0,0,0,0,0
897,0,82,-1,-1,-1,119,119,-1,-1,-1,-1,0,0,-1,-1,-1,-1,0,0,0,0,0,0,0,0,0,0,0,0,0,0,0,0
899,0,108,-1,-1,-1,-1,-1,-1,-1,-1,-1,0,0,-1,-1,-1,-1,0,0,0,0,0,0,0,0,0,0,0,0,0,0,0,0
900,0,81,-1,-1,-1,-1,-1,-1,-1,-1,-1,0,0,-1,-1,-1,-1,0,0,0,0,0,0,0,0,0,0,0,0,0,0,0,0
902,0,-1,228,228,228,228,228,228,-1,-1,-1,3134,0,-1,-1,-1,-1,0,0,0,0,0,0,0,0,0,0,0,0,0,0,0,0
903,1,-1,228,228,228,-1,-1,-1,-1,-1,-1,3134,0,-1,-1,-1,-1,0,0,0,0,0,0,0,0,0,0,0,0,0,0,0,0
905,0,84,-1,-1,-1,-1,146,-1,-1,-1,-1,0,0,-1,-1,-1,-1,0,0,0,0,0,0,0,0,0,0,0,0,0,0,0,0
906,2,139,255,-1,-1,-1,-1,-1,-1,-1,-1,0,0,-1,-1,-1,-1,0,0,0,0,0,0,0,0,0,0,0,0,0,0,0,0
925,1,10,93,93,93,-1,-1,-1,-1,-1,-1,1506,0,-1,-1,-1,-1,0,0,0,0,0,0,0,0,0,0,0,0,0,0,0,0
926,0,123,-1,-1,-1,88,88,-1,-1,-1,-1,27,0,-1,-1,-1,-1,0,0,0,0,0,0,0,0,0,0,0,0,0,0,0,0
928,0,140,-1,-1,-1,-1,-1,-1,-1,-1,-1,0,0,-1,-1,-1,-1,0,0,0,0,0,0,0,0,0,0,0,0,0,0,0,0
924,0,54,-1,-1,-1,127,127,-1,-1,-1,-1,1493,0,1,-1,-1,-1,841430,0,0,0,0.5,0,0,0,0,0,0,0,0,0,0,0
929,0,53,-1,-1,-1,293,293,-1,-1,-1,-1,0,0,-1,-1,-1,-1,0,0,0,0,0,0,0,0,0,0,0,0,0,0,0,0
946,1,74,-1,565,361,-1,-1,-1,-1,-1,-1,747,0,-1,-1,-1,-1,0,0,0,0,0,0,0,0,0,0,0,0,0,0,0,0
947,0,18,-1,-1,-1,-1,-1,-1,-1,-1,-1,0,0,-1,-1,-1,-1,0,0,0,0,0,0,0,0,0,0,0,0,0,0,0,0
948,0,53,-1,-1,-1,270,-1,-1,-1,-1,-1,2560,0,-1,-1,-1,-1,0,0,0,0,0,0,0,0,0,0,0,0,0,0,0,0
949,2,-1,-1,270,-1,-1,-1,-1,-1,-1,-1,0,0,1,-1,-1,-1,12201146,0,0,0,0.8,0,0,0,1,0,0,0,0.8,0,0,0
950,2,124,-1,-1,-1,270,-1,-1,-1,-1,-1,3087,0,0,-1,-1,-1,10,0,0,0,1,0,0,0,1,0,0,0,0,0,0,0
951,0,17,-1,-1,-1,-1,-1,-1,-1,-1,-1,0,0,-1,-1,-1,-1,0,0,0,0,0,0,0,0,0,0,0,0,0,0,0,0
952,0,-1,-1,-1,-1,-1,-1,-1,-1,-1,-1,0,0,-1,-1,-1,-1,0,0,0,0,0,0,0,0,0,0,0,0,0,0,0,0
964,1,9,-1,300,-1,-1,-1,-1,-1,-1,-1,0,0,-1,-1,-1,-1,0,0,0,0,0,0,0,0,0,0,0,0,0,0,0,0
965,0,53,-1,-1,-1,293,293,-1,-1,-1,-1,0,0,-1,-1,-1,-1,1,0,0,0,1,0,0,0,0,0,0,0,0,0,0,0
984,0,54,-1,-1,714,287,287,-1,-1,-1,-1,3076,0,-1,-1,-1,-1,0,0,0,0,0,0,0,0,0,0,0,0,0,0,0,0
985,2,-1,-1,-1,715,-1,-1,-1,-1,-1,-1,0,0,1,-1,-1,-1,16732501,0,0,0,0.1,0,0,0,0.1,0,0,0,1,0,0,0
986,1,-1,-1,716,-1,-1,-1,-1,-1,-1,-1,0,0,-1,-1,-1,-1,0,0,0,0,0,0,0,0,0,0,0,0,0,0,0,0
987,1,121,-1,632,-1,-1,-1,-1,-1,-1,-1,1484,0,-1,-1,-1,-1,0,0,0,0,0,0,0,0,0,0,0,0,0,0,0,0
989,2,-1,-1,-1,717,-1,-1,-1,-1,-1,-1,0,0,1,-1,-1,-1,9222653,0,0,0,0,0,0,0,0,0,0,0,0,0,0,0
991,1,-1,-1,-1,720,-1,-1,-1,-1,-1,-1,39,0,-1,-1,-1,-1,0,0,0,0,0,0,0,0,0,0,0,0,0,0,0,0
992,1,-1,-1,-1,719,-1,-1,-1,-1,-1,-1,39,0,-1,-1,-1,-1,0,0,0,0,0,0,0,0,0,0,0,0,0,0,0,0
1024,0,52,-1,-1,355,17,17,-1,-1,-1,-1,1485,26,-1,-1,-1,-1,0,0,0,0,0,0,0,0,0,0,0,0,0,0,0,0
1025,0,54,-1,-1,-1,-1,-1,-1,-1,-1,-1,1485,4,-1,-1,-1,-1,0,0,0,0,0,0,0,0,0,0,0,0,0,0,0,0
1027,0,53,-1,-1,-1,625,-1,-1,-1,-1,-1,0,0,-1,-1,-1,-1,0,0,0,0,0,0,0,0,0,0,0,0,0,0,0,0
1028,1,-1,-1,-1,-1,-1,-1,-1,-1,-1,-1,1485,4,-1,-1,-1,-1,0,0,0,0,0,0,0,0,0,0,0,0,0,0,0,0
1065,4,-1,-1,-1,-1,-1,-1,754,-1,-1,-1,3373,0,-1,-1,-1,-1,4503384,0,0,0,2,0,0,0,2,0,0,0,4,0,0,0
1066,4,121,-1,-1,-1,-1,-1,-1,-1,-1,-1,0,0,-1,-1,-1,-1,0,0,0,0,0,0,0,0,0,0,0,0,0,0,0,0
1068,1,10,-1,-1,-1,-1,-1,-1,-1,-1,-1,0,0,-1,-1,-1,-1,0,0,0,0,0,0,0,0,0,0,0,0,0,0,0,0
1069,2,14,325,-1,-1,-1,-1,-1,-1,-1,-1,0,0,-1,-1,-1,-1,0,0,0,0,0,0,0,0,0,0,0,0,0,0,0,0
1070,1,74,-1,-1,355,-1,-1,-1,-1,-1,-1,28,0,-1,-1,-1,-1,0,0,0,0,0,0,0,0,0,0,0,0,0,0,0,0
1144,1,-1,-1,-1,332,-1,-1,-1,-1,-1,-1,1506,0,-1,-1,-1,-1,0,0,0,0,0,0,0,0,0,0,0,0,0,0,0,0
1164,2,-1,-1,545,287,-1,-1,-1,-1,-1,-1,0,0,7,-1,-1,-1,0,0,0,0,0,0,0,0,2,0,0,0,0,0,0,0
1166,1,121,-1,-1,220,-1,-1,-1,-1,-1,-1,1484,0,-1,-1,-1,-1,0,0,0,0,0,0,0,0,0,0,0,0,0,0,0,0
1167,1,-1,-1,794,-1,-1,-1,-1,-1,-1,-1,1422,0,-1,-1,-1,-1,0,0,0,0,0,0,0,0,0,0,0,0,0,0,0,0
1184,0,107,-1,-1,-1,-1,-1,-1,-1,-1,-1,0,0,-1,-1,-1,-1,0,0,0,0,0,0,0,0,0,0,0,0,0,0,0,0
1185,1,-1,-1,-1,219,-1,-1,-1,-1,-1,-1,0,0,-1,-1,-1,-1,0,0,0,0,0,0,0,0,0,0,0,0,0,0,0,0
1187,0,62,-1,-1,-1,-1,-1,-1,-1,-1,-1,0,0,-1,-1,-1,-1,0,0,0,0,0,0,0,0,0,0,0,0,0,0,0,0
1205,1,-1,-1,74,-1,-1,-1,-1,-1,-1,-1,1506,0,-1,-1,-1,-1,0,0,0,0,0,0,0,0,0,0,0,0,0,0,0,0
1224,2,-1,837,836,-1,-1,-1,-1,-1,-1,-1,3156,0,-1,-1,-1,-1,0,0,0,0,0,0,0,0,0,0,0,0,0,0,0,0
1225,1,-1,-1,381,-1,-1,-1,-1,-1,-1,-1,3720,0,-1,-1,-1,-1,0,0,0,0,0,0,0,0,0,0,0,0,0,0,0,0
1284,1,-1,-1,-1,-1,-1,-1,-1,-1,-1,-1,0,3,-1,-1,-1,-1,0,0,0,0,0,0,0,0,0,0,0,0,0,0,0,0
1285,3,-1,-1,-1,-1,-1,-1,-1,-1,-1,-1,0,3,-1,-1,-1,-1,0,0,0,0,0,0,0,0,0,0,0,0,0,0,0,0
1304,0,123,-1,-1,-1,-1,-1,-1,-1,-1,-1,3781,0,-1,-1,-1,-1,0,0,0,0,0,0,0,0,0,0,0,0,0,0,0,0
1305,2,-1,856,-1,-1,-1,-1,-1,-1,-1,-1,0,0,-1,-1,-1,-1,0,0,0,0,0,0,0,0,0,0,0,0,0,0,0,0
1344,1,-1,-1,-1,-1,-1,-1,-1,-1,-1,-1,0,0,-1,-1,-1,-1,0,0,0,0,0,0,0,0,0,0,0,0,0,0,0,0
1364,0,-1,-1,-1,100,-1,-1,-1,-1,-1,-1,3315,0,-1,-1,-1,-1,0,0,0,0,0,0,0,0,0,0,0,0,0,0,0,0
1366,0,54,-1,-1,-1,-1,-1,894,-1,-1,-1,0,0,-1,-1,-1,-1,0,0,0,0,0,0,0,0,0,0,0,0,0,0,0,0
1367,0,54,-1,-1,-1,-1,-1,-1,-1,-1,-1,1485,3,-1,-1,-1,-1,0,0,0,0,0,0,0,0,0,0,0,0,0,0,0,0
1369,0,-1,-1,-1,-1,-1,-1,-1,-1,-1,-1,0,3,-1,-1,-1,-1,0,0,0,0,0,0,0,0,0,0,0,0,0,0,0,0
1384,4,-1,83,-1,-1,-1,-1,-1,-1,-1,-1,22,0,13,-1,-1,-1,520497,0,0,0,0.5,0,0,0,0.5,0,0,0,0,0,0,0
1484,2,-1,-1,-1,934,-1,-1,-1,-1,-1,-1,3940,0,-1,-1,-1,-1,0,0,0,0,0,0,0,0,0,0,0,0,0,0,0,0
1485,0,52,-1,-1,955,17,17,-1,-1,-1,-1,745,0,-1,-1,-1,-1,0,0,0,0,0,0,0,0,0,0,0,0,0,0,0,0
1544,2,-1,-1,-1,994,-1,-1,-1,-1,-1,-1,1502,0,-1,-1,-1,-1,0,0,0,0,0,0,0,0,0,0,0,0,0,0,0,0
988,0,-1,-1,401,-1,392,392,-1,-1,-1,-1,3333,0,-1,-1,-1,-1,0,0,0,0,0,0,0,0,0,0,0,0,0,0,0,0
1004,0,54,-1,-1,734,392,392,-1,-1,-1,-1,1641,0,-1,-1,-1,-1,0,0,0,0,0,0,0,0,0,0,0,0,0,0,0,0
1005,1,-1,-1,735,-1,-1,-1,-1,-1,-1,-1,3333,0,-1,-1,-1,-1,0,0,0,0,0,0,0,0,0,0,0,0,0,0,0,0
1007,2,61,-1,-1,-1,-1,417,-1,-1,-1,-1,0,0,-1,-1,-1,-1,0,0,0,0,0,0,0,0,0,0,0,0,0,0,0,0
1044,0,16,-1,-1,-1,-1,-1,-1,-1,-1,-1,48,0,-1,-1,-1,-1,0,0,0,0,0,0,0,0,0,0,0,0,0,0,0,0
1084,2,124,-1,-1,-1,17,17,-1,-1,-1,-1,0,0,1,-1,-1,-1,12386968,0,0,0,0.5,0,0,0,0,0,0,0,0,0,0,0
1124,0,68,-1,-1,-1,-1,-1,-1,-1,-1,-1,0,0,-1,-1,-1,-1,0,0,0,0,0,0,0,0,0,0,0,0,0,0,0,0
1125,0,-1,-1,-1,-1,458,458,-1,-1,-1,-1,0,0,-1,-1,-1,-1,0,0,0,0,0,0,0,0,0,0,0,0,0,0,0,0
1204,1,75,-1,-1,279,-1,-1,-1,-1,-1,-1,37,0,-1,-1,-1,-1,0,0,0,0,0,0,0,0,0,0,0,0,0,0,0,0
1244,2,125,-1,-1,-1,272,272,-1,-1,-1,-1,3136,0,-1,-1,-1,-1,0,0,0,0,0,0,0,0,0,0,0,0,0,0,0,0
1264,3,-1,-1,-1,-1,-1,-1,-1,-1,-1,-1,1116,0,-1,-1,-1,-1,0,0,0,0,0,0,0,0,0,0,0,0,0,0,0,0
1424,0,54,-1,-1,714,45,45,-1,-1,-1,-1,3077,4,-1,-1,-1,-1,0,0,0,0,0,0,0,0,0,0,0,0,0,0,0,0
1444,0,53,-1,-1,-1,-1,894,-1,-1,-1,-1,0,0,-1,-1,-1,-1,0,0,0,0,0,0,0,0,0,0,0,0,0,0,0,0
1464,3,-1,-1,-1,-1,-1,-1,-1,-1,-1,-1,3940,0,-1,-1,-1,-1,0,0,0,0,0,0,0,0,0,0,0,0,0,0,0,0
1504,1,-1,-1,-1,974,-1,-1,-1,-1,-1,-1,3961,0,-1,-1,-1,-1,0,0,0,0,0,0,0,0,0,0,0,0,0,0,0,0
1524,0,118,-1,-1,-1,-1,-1,-1,-1,-1,-1,3960,0,-1,-1,-1,-1,0,0,0,0,0,0,0,0,0,0,0,0,0,0,0,0
1545,0,-1,389,287,93,93,93,93,-1,-1,-1,0,0,-1,-1,-1,-1,0,0,0,0,0,0,0,0,0,0,0,0,0,0,0,0
1546,0,-1,-1,93,93,-1,-1,-1,-1,-1,-1,0,0,-1,-1,-1,-1,0,0,0,0,0,0,0,0,0,0,0,0,0,0,0,0
1548,0,61,-1,-1,-1,-1,417,-1,-1,-1,-1,3373,0,-1,-1,-1,-1,0,0,0,0,0,0,0,0,0,0,0,0,0,0,0,0
1549,0,55,-1,-1,-1,-1,-1,-1,-1,-1,-1,3980,0,-1,-1,-1,-1,0,0,0,0,0,0,0,0,0,0,0,0,0,0,0,0
1584,0,54,135,-1,-1,-1,-1,-1,-1,-1,-1,0,0,-1,-1,-1,-1,0,0,0,0,0,0,0,0,0,0,0,0,0,0,0,0
1585,0,-1,135,-1,-1,-1,-1,-1,-1,-1,-1,2562,0,-1,-1,-1,-1,0,0,0,0,0,0,0,0,0,0,0,0,0,0,0,0
1604,0,54,-1,-1,-1,-1,-1,-1,-1,-1,-1,4066,0,-1,-1,-1,-1,0,0,0,0,0,0,0,0,0,0,0,0,0,0,0,0
1605,0,54,-1,-1,-1,-1,-1,-1,-1,-1,-1,4068,0,-1,-1,-1,-1,0,0,0,0,0,0,0,0,0,0,0,0,0,0,0,0
1607,0,54,-1,-1,-1,-1,-1,-1,-1,-1,-1,4067,0,-1,-1,-1,-1,0,0,0,0,0,0,0,0,0,0,0,0,0,0,0,0
1608,0,54,-1,-1,-1,-1,-1,-1,-1,-1,-1,4070,0,-1,-1,-1,-1,0,0,0,0,0,0,0,0,0,0,0,0,0,0,0,0
1610,0,54,-1,-1,-1,-1,-1,-1,-1,-1,-1,4069,0,-1,-1,-1,-1,0,0,0,0,0,0,0,0,0,0,0,0,0,0,0,0
1611,0,54,-1,-1,-1,-1,-1,-1,-1,-1,-1,3183,0,-1,-1,-1,-1,0,0,0,0,0,0,0,0,0,0,0,0,0,0,0,0
1644,0,-1,-1,-1,282,-1,-1,-1,-1,-1,-1,3076,0,-1,-1,-1,-1,0,0,0,0,0,0,0,0,0,0,0,0,0,0,0,0
1664,0,59,-1,-1,-1,-1,-1,-1,-1,-1,-1,42,0,-1,-1,-1,-1,0,0,0,0,0,0,0,0,0,0,0,0,0,0,0,0
1666,1,10,-1,1034,-1,-1,-1,-1,-1,-1,-1,42,0,-1,-1,-1,-1,0,0,0,0,0,0,0,0,0,0,0,0,0,0,0,0
1684,1,10,-1,1054,-1,-1,-1,-1,-1,-1,-1,0,0,-1,-1,-1,-1,0,0,0,0,0,0,0,0,0,0,0,0,0,0,0,0
1704,3,-1,-1,-1,-1,-1,-1,-1,-1,-1,-1,38,0,-1,-1,-1,-1,0,0,0,0,0,0,0,0,0,0,0,0,0,0,0,0
1744,2,-1,-1,-1,-1,-1,-1,-1,-1,-1,-1,0,0,1,11,-1,-1,8947848,8947848,0,0,0.1,0.1,0,0,0.1,0.1,0,0,60,6,0,0
1764,0,-1,381,381,-1,381,381,381,-1,-1,-1,2579,0,-1,-1,-1,-1,0,0,0,0,0,0,0,0,0,0,0,0,0,0,0,0
1785,0,-1,-1,-1,431,-1,-1,-1,-1,-1,-1,1455,0,-1,-1,-1,-1,0,0,0,0,0,0,0,0,0,0,0,0,0,0,0,0
1804,2,-1,453,453,453,453,453,453,-1,-1,-1,0,0,1,-1,-1,-1,16773173,0,0,0,0.1,0,0,0,0.1,0,0,0,5,0,0,0
1806,0,112,-1,-1,-1,-1,146,-1,-1,-1,-1,27,0,-1,-1,-1,-1,0,0,0,0,0,0,0,0,0,0,0,0,0,0,0,0
1807,0,107,-1,-1,-1,-1,73,-1,-1,-1,-1,2561,0,-1,-1,-1,-1,0,0,0,0,0,0,0,0,0,0,0,0,0,0,0,0
1825,1,-1,402,402,402,-1,-1,-1,-1,-1,-1,1506,0,-1,-1,-1,-1,1,0,0,0,0,0,0,0,0,0,0,0,0,0,0,0
1844,2,-1,-1,339,-1,-1,-1,-1,-1,-1,-1,0,0,1,-1,-1,-1,16720937,0,0,0,2,0,0,0,2,0,0,0,0,0,0,0
1865,2,-1,-1,-1,1095,-1,-1,-1,-1,-1,-1,1505,0,-1,-1,-1,-1,0,0,0,0,0,0,0,0,0,0,0,0,0,0,0,0
1866,0,33,-1,-1,-1,-1,-1,-1,-1,-1,-1,0,3,-1,-1,-1,-1,0,0,0,0,0,0,0,0,0,0,0,0,0,0,0,0
1904,0,-1,-1,715,714,-1,-1,-1,-1,-1,-1,3077,4,-1,-1,-1,-1,0,0,0,0,0,0,0,0,0,0,0,0,0,0,0,0
1905,1,-1,565,565,565,-1,-1,-1,-1,-1,-1,0,0,-1,-1,-1,-1,0,0,0,0,0,0,0,0,0,0,0,0,0,0,0,0
1944,3,0,-1,-1,-1,-1,-1,-1,-1,-1,-1,3136,0,-1,-1,-1,-1,0,0,0,0,0,0,0,0,0,0,0,0,0,0,0,0
1945,1,9,-1,-1,-1,-1,-1,-1,-1,-1,-1,4294,0,-1,-1,-1,-1,0,0,0,0,0,0,0,0,0,0,0,0,0,0,0,0
1947,1,9,-1,-1,-1,-1,-1,-1,-1,-1,-1,4296,0,-1,-1,-1,-1,0,0,0,0,0,0,0,0,0,0,0,0,0,0,0,0
1964,0,129,-1,-1,-1,-1,-1,-1,-1,-1,-1,0,0,-1,-1,-1,-1,0,0,0,0,0,0,0,0,0,0,0,0,0,0,0,0
1985,2,0,-1,284,-1,-1,-1,-1,-1,-1,-1,20,0,-1,-1,-1,-1,0,0,0,0,0,0,0,0,0,0,0,0,0,0,0,0
364,1,-1,-1,357,-1,-1,-1,-1,-1,-1,-1,1489,0,-1,-1,-1,-1,0,0,0,0,0,0,0,0,0,0,0,0,0,0,0,0
365,1,-1,-1,-1,360,-1,-1,-1,-1,-1,-1,3315,0,-1,-1,-1,-1,0,0,0,0,0,0,0,0,0,0,0,0,0,0,0,0
366,0,57,-1,-1,-1,-1,-1,-1,-1,-1,-1,3091,0,8,-1,-1,-1,16507449,0,0,0,20,0,0,0,600,0,0,0,100,0,0,0
367,0,57,-1,-1,-1,-1,-1,-1,-1,-1,-1,0,0,-1,-1,-1,-1,0,0,0,0,0,0,0,0,0,0,0,0,0,0,0,0
368,0,-1,-1,-1,347,-1,-1,-1,-1,-1,-1,1455,0,-1,-1,-1,-1,0,0,0,0,0,0,0,0,0,0,0,0,0,0,0,0
369,0,126,-1,-1,361,-1,-1,-1,-1,-1,-1,1493,0,8,-1,-1,-1,16193303,0,0,0,3,0,0,0,10000,0,0,0,100,0,0,0
370,2,126,-1,-1,361,-1,-1,-1,-1,-1,-1,4354,0,8,-1,-1,-1,16484115,0,0,0,20,0,0,0,10000,0,0,0,100,0,0,0
371,1,-1,-1,-1,463,-1,-1,-1,-1,-1,-1,0,0,-1,-1,-1,-1,0,0,0,0,0,0,0,0,0,0,0,0,0,0,0,0
372,0,111,-1,-1,-1,-1,-1,-1,-1,-1,-1,745,0,-1,-1,-1,-1,0,0,0,0,0,0,0,0,0,0,0,0,0,0,0,0
373,1,74,-1,-1,-1,-1,-1,-1,-1,-1,-1,28,0,-1,-1,-1,-1,0,0,0,0,0,0,0,0,0,0,0,0,0,0,0,0
378,1,-1,-1,-1,-1,-1,-1,-1,-1,-1,-1,0,0,-1,-1,-1,-1,0,0,0,0,0,0,0,0,0,0,0,0,0,0,0,0
380,0,141,-1,-1,-1,-1,-1,-1,-1,-1,-1,0,0,-1,-1,-1,-1,0,0,0,0,0,0,0,0,0,0,0,0,0,0,0,0
381,1,-1,-1,370,-1,-1,-1,-1,-1,-1,-1,3227,0,-1,-1,-1,-1,0,0,0,0,0,0,0,0,0,0,0,0,0,0,0,0
383,1,-1,-1,373,-1,-1,-1,-1,-1,-1,-1,0,0,-1,-1,-1,-1,0,0,0,0,0,0,0,0,0,0,0,0,0,0,0,0
384,0,123,-1,-1,-1,267,267,-1,-1,-1,-1,0,0,-1,-1,-1,-1,0,0,0,0,0,0,0,0,0,0,0,0,0,0,0,0
386,0,51,-1,-1,-1,-1,-1,88,-1,-1,-1,35,0,-1,-1,-1,-1,0,0,0,0,0,0,0,0,0,0,0,0,0,0,0,0
388,0,55,-1,-1,375,-1,-1,-1,-1,-1,-1,3113,0,-1,-1,-1,-1,0,0,0,0,0,0,0,0,0,0,0,0,0,0,0,0
389,0,55,-1,-1,376,-1,-1,-1,-1,-1,-1,3113,0,-1,-1,-1,-1,0,0,0,0,0,0,0,0,0,0,0,0,0,0,0,0
391,2,-1,-1,-1,-1,-1,-1,-1,-1,-1,-1,0,0,1,-1,-1,-1,255,0,0,0,1,0,0,0,0.5,0,0,0,0,0,0,0
392,0,55,-1,-1,-1,94,94,-1,-1,-1,-1,28,0,-1,-1,-1,-1,0,0,0,0,0,0,0,0,0,0,0,0,0,0,0,0
394,0,57,-1,-1,-1,94,94,-1,-1,-1,-1,3091,0,-1,-1,-1,-1,0,0,0,0,0,0,0,0,0,0,0,0,0,0,0,0
395,0,54,-1,-1,546,-1,-1,-1,-1,-1,-1,3339,0,-1,-1,-1,-1,0,0,0,0,0,0,0,0,0,0,0,0,0,0,0,0
397,4,123,-1,-1,-1,-1,-1,-1,-1,-1,-1,0,0,-1,-1,-1,-1,0,0,0,0,0,0,0,0,0,0,0,0,0,0,0,0
398,0,123,-1,-1,-1,277,-1,-1,-1,-1,-1,745,0,-1,-1,-1,-1,0,0,0,0,0,0,0,0,0,0,0,0,0,0,0,0
400,0,57,-1,-1,-1,-1,-1,-1,-1,-1,-1,0,0,-1,-1,-1,-1,0,0,0,0,0,0,0,0,0,0,0,0,0,0,0,0
401,1,-1,-1,90,-1,-1,-1,-1,-1,-1,-1,3112,0,-1,-1,-1,-1,0,0,0,0,0,0,0,0,0,0,0,0,0,0,0,0
403,0,123,-1,-1,-1,269,269,-1,-1,-1,-1,27,0,-1,-1,-1,-1,0,0,0,0,0,0,0,0,0,0,0,0,0,0,0,0
404,0,54,-1,-1,389,-1,-1,-1,-1,-1,-1,3324,0,-1,-1,-1,-1,0,0,0,0,0,0,0,0,0,0,0,0,0,0,0,0
406,0,61,-1,-1,-1,-1,-1,-1,-1,-1,-1,45,0,-1,-1,-1,-1,0,0,0,0,0,0,0,0,0,0,0,0,0,0,0,0
407,0,57,-1,-1,-1,397,397,-1,-1,-1,-1,3091,0,-1,-1,-1,-1,0,0,0,0,0,0,0,0,0,0,0,0,0,0,0,0
409,2,122,-1,-1,99,-1,393,-1,-1,-1,-1,3374,0,-1,-1,-1,-1,0,0,0,0,0,0,0,0,0,0,0,0,0,0,0,0
410,1,-1,-1,394,-1,-1,-1,-1,-1,-1,-1,0,0,-1,-1,-1,-1,0,0,0,0,0,0,0,0,0,0,0,0,0,0,0,0
412,2,-1,-1,-1,-1,397,397,-1,-1,-1,-1,0,0,-1,-1,-1,-1,0,0,0,0,0,0,0,0,0,0,0,0,0,0,0,0
414,0,107,-1,-1,-1,-1,-1,-1,-1,-1,-1,3212,0,-1,-1,-1,-1,0,0,0,0,0,0,0,0,0,0,0,0,0,0,0,0
415,1,-1,-1,591,-1,-1,-1,-1,-1,-1,-1,3213,0,-1,-1,-1,-1,0,0,0,0,0,0,0,0,0,0,0,0,0,0,0,0
417,0,54,-1,-1,-1,135,135,-1,-1,-1,-1,2562,0,-1,-1,-1,-1,0,0,0,0,0,0,0,0,0,0,0,0,0,0,0,0
418,0,53,-1,-1,-1,17,17,-1,-1,-1,-1,2560,0,-1,-1,-1,-1,0,0,0,0,0,0,0,0,0,0,0,0,0,0,0,0
420,1,-1,-1,-1,100,-1,-1,-1,-1,-1,-1,3226,0,-1,-1,-1,-1,0,0,0,0,0,0,0,0,0,0,0,0,0,0,0,0
421,1,113,-1,-1,-1,-1,-1,-1,-1,-1,-1,0,0,-1,-1,-1,-1,0,0,0,0,0,0,0,0,0,0,0,0,0,0,0,0
423,1,-1,-1,404,-1,-1,-1,-1,-1,-1,-1,3323,0,-1,-1,-1,-1,0,0,0,0,0,0,0,0,0,0,0,0,0,0,0,0
424,0,107,-1,-1,-1,-1,288,-1,-1,-1,-1,0,0,-1,-1,-1,-1,0,0,0,0,0,0,0,0,0,0,0,0,0,0,0,0
426,2,125,-1,-1,70,146,146,-1,-1,-1,-1,3,0,-1,-1,-1,-1,0,0,0,0,0,0,0,0,0,0,0,0,0,0,0,0
427,0,52,-1,-1,249,135,411,-1,-1,-1,-1,740,0,-1,-1,-1,-1,0,0,0,0,0,0,0,0,0,0,0,0,0,0,0,0
429,0,32,-1,-1,-1,271,-1,-1,-1,-1,-1,2560,0,-1,-1,-1,-1,3,0,0,0,1,0,0,0,0,0,0,0,0,0,0,0
432,0,32,-1,-1,-1,249,-1,-1,-1,-1,-1,0,0,-1,-1,-1,-1,0,0,0,0,0,0,0,0,0,0,0,0,0,0,0,0
434,2,-1,413,-1,-1,-1,-1,-1,-1,-1,-1,3156,0,-1,-1,-1,-1,0,0,0,0,0,0,0,0,0,0,0,0,0,0,0,0
435,1,-1,-1,415,-1,-1,-1,-1,-1,-1,-1,3155,0,-1,-1,-1,-1,0,0,0,0,0,0,0,0,0,0,0,0,0,0,0,0
437,1,-1,-1,416,-1,-1,-1,-1,-1,-1,-1,3218,0,-1,-1,-1,-1,0,0,0,0,0,0,0,0,0,0,0,0,0,0,0,0
438,0,61,-1,-1,99,-1,417,-1,-1,-1,-1,3373,0,-1,-1,-1,-1,0,0,0,0,0,0,0,0,0,0,0,0,0,0,0,0
440,1,-1,422,-1,-1,-1,-1,-1,-1,-1,-1,2558,0,-1,-1,-1,-1,0,0,0,0,0,0,0,0,0,0,0,0,0,0,0,0
441,1,121,-1,-1,-1,-1,-1,-1,-1,-1,-1,0,0,-1,-1,-1,-1,0,0,0,0,0,0,0,0,0,0,0,0,0,0,0,0
442,1,-1,-1,-1,423,-1,-1,-1,-1,-1,-1,1432,0,-1,-1,-1,-1,0,0,0,0,0,0,0,0,0,0,0,0,0,0,0,0
443,0,140,-1,-1,-1,-1,-1,-1,-1,-1,-1,0,0,-1,-1,-1,-1,0,0,0,0,0,0,0,0,0,0,0,0,0,0,0,0
444,0,142,-1,-1,-1,-1,-1,-1,-1,-1,-1,0,0,-1,-1,-1,-1,0,0,0,0,0,0,0,0,0,0,0,0,0,0,0,0
445,2,123,-1,-1,-1,-1,-1,-1,-1,-1,-1,0,0,-1,-1,-1,-1,0,0,0,0,0,0,0,0,0,0,0,0,0,0,0,0
446,1,74,244,-1,-1,-1,-1,-1,-1,-1,-1,0,0,-1,-1,-1,-1,0,0,0,0,0,0,0,0,0,0,0,0,0,0,0,0
447,1,-1,424,-1,-1,-1,-1,-1,-1,-1,-1,4474,0,-1,-1,-1,-1,0,0,0,0,0,0,0,0,0,0,0,0,0,0,0,0
448,1,-1,-1,425,-1,-1,-1,-1,-1,-1,-1,3074,0,-1,-1,-1,-1,0,0,0,0,0,0,0,0,0,0,0,0,0,0,0,0
449,0,18,-1,-1,-1,-1,-1,-1,-1,-1,-1,3330,0,8,-1,-1,-1,16446211,0,0,0,15,0,0,0,400,0,0,0,150,0,0,0
748,1,-1,-1,-1,596,-1,-1,-1,-1,-1,-1,1455,0,-1,-1,-1,-1,0,0,0,0,0,0,0,0,0,0,0,0,0,0,0,0
750,0,54,-1,-1,268,-1,-1,-1,-1,-1,-1,1505,0,-1,-1,-1,-1,0,0,0,0,0,0,0,0,0,0,0,0,0,0,0,0
751,0,-1,-1,-1,435,-1,-1,-1,-1,-1,-1,1505,0,-1,-1,-1,-1,0,0,0,0,0,0,0,0,0,0,0,0,0,0,0,0
2065,0,52,-1,-1,955,272,272,-1,-1,-1,-1,3136,0,-1,-1,-1,-1,0,0,0,0,0,0,0,0,0,0,0,0,0,0,0,0
1368,0,52,-1,-1,304,303,303,-1,-1,-1,-1,1485,6,-1,-1,-1,-1,0,0,0,0,0,0,0,0,0,0,0,0,0,0,0,0
1404,2,123,-1,-1,-1,-1,-1,-1,-1,-1,-1,0,0,0,-1,-1,-1,7,0,0,0,1,0,0,0,1,0,0,0,0,0,0,0
1486,0,54,-1,-1,955,17,17,-1,-1,-1,-1,2560,0,-1,-1,-1,-1,0,0,0,0,0,0,0,0,0,0,0,0,0,0,0,0
1547,0,54,-1,-1,-1,-1,-1,-1,-1,-1,-1,0,6,-1,-1,-1,-1,0,0,0,0,0,0,0,0,0,0,0,0,0,0,0,0
1564,2,-1,542,-1,-1,-1,-1,-1,-1,-1,-1,0,0,-1,-1,-1,-1,0,0,0,0,0,0,0,0,0,0,0,0,0,0,0,0
1586,0,124,-1,-1,-1,-1,17,-1,-1,-1,-1,1578,0,0,-1,-1,-1,10,0,0,0,1,0,0,0,0,0,0,0,0,0,0,0
1606,0,54,-1,-1,-1,-1,-1,-1,-1,-1,-1,4071,0,-1,-1,-1,-1,0,0,0,0,0,0,0,0,0,0,0,0,0,0,0,0
1609,0,54,-1,-1,-1,-1,-1,-1,-1,-1,-1,4072,0,-1,-1,-1,-1,0,0,0,0,0,0,0,0,0,0,0,0,0,0,0,0
1624,0,-1,-1,621,-1,-1,-1,-1,-1,-1,-1,0,0,-1,-1,-1,-1,0,0,0,0,0,0,0,0,0,0,0,0,0,0,0,0
1665,2,-1,-1,-1,-1,-1,-1,-1,-1,-1,-1,0,0,1,-1,-1,-1,8947848,0,0,0,0.3,0,0,0,0.3,0,0,0,0,0,0,0
1724,2,-1,-1,1074,-1,-1,-1,-1,-1,-1,-1,1493,0,-1,-1,-1,-1,0,0,0,0,0,0,0,0,0,0,0,0,0,0,0,0
1784,0,-1,-1,-1,427,-1,-1,-1,-1,-1,-1,1455,0,-1,-1,-1,-1,0,0,0,0,0,0,0,0,0,0,0,0,0,0,0,0
1805,2,-1,-1,-1,1115,-1,-1,-1,-1,-1,-1,0,0,1,-1,-1,-1,1900344,0,0,0,0.5,0,0,0,1,0,0,0,0,0,0,0
1824,1,-1,355,355,355,-1,-1,-1,-1,-1,-1,0,0,-1,-1,-1,-1,0,0,0,0,0,0,0,0,0,0,0,0,0,0,0,0
1864,2,-1,-1,-1,1094,-1,-1,-1,-1,-1,-1,1505,0,-1,-1,-1,-1,0,0,0,0,0,0,0,0,0,0,0,0,0,0,0,0
1884,0,52,-1,-1,249,135,-1,-1,-1,-1,-1,2562,0,-1,-1,-1,-1,0,0,0,0,0,0,0,0,0,0,0,0,0,0,0,0
1924,0,0,-1,-1,-1,-1,-1,-1,-1,-1,-1,3134,0,-1,-1,-1,-1,0,0,0,0,0,0,0,0,0,0,0,0,0,0,0,0
1946,1,9,-1,-1,-1,-1,-1,-1,-1,-1,-1,4295,0,-1,-1,-1,-1,0,0,0,0,0,0,0,0,0,0,0,0,0,0,0,0
1984,2,124,-1,-1,-1,88,-1,-1,-1,-1,-1,3014,0,0,-1,-1,-1,7,0,0,0,1,0,0,0,1,0,0,0,0,0,0,0
379,0,74,-1,-1,-1,590,590,-1,-1,-1,-1,1484,0,8,-1,-1,-1,11784417,0,0,0,22,0,0,0,600,0,0,0,70,0,0,0
382,0,123,-1,-1,249,-1,-1,-1,-1,-1,-1,1432,0,-1,-1,-1,-1,0,0,0,0,0,0,0,0,0,0,0,0,0,0,0,0
385,0,32,-1,-1,-1,249,411,-1,-1,-1,-1,1432,0,-1,-1,-1,-1,2,0,0,0,1,0,0,0,0,0,0,0,0,0,0,0
387,0,32,-1,-1,-1,-1,-1,293,-1,-1,-1,1506,0,12,-1,-1,-1,1,1,0,0,1,1,0,0,0,0,0,0,0,0,0,0
390,1,-1,-1,547,-1,-1,-1,-1,-1,-1,-1,3071,0,-1,-1,-1,-1,0,0,0,0,0,0,0,0,0,0,0,0,0,0,0,0
393,1,-1,-1,379,-1,-1,-1,-1,-1,-1,-1,3133,0,-1,-1,-1,-1,0,0,0,0,0,0,0,0,0,0,0,0,0,0,0,0
396,0,123,-1,-1,-1,-1,-1,-1,-1,-1,-1,0,0,-1,-1,-1,-1,0,0,0,0,0,0,0,0,0,0,0,0,0,0,0,0
399,0,85,-1,-1,380,-1,-1,-1,-1,-1,-1,3091,0,8,-1,-1,-1,12408262,0,0,0,15,0,0,0,400,0,0,0,96,0,0,0
402,2,124,-1,-1,-1,298,-1,-1,-1,-1,-1,3087,0,0,-1,-1,-1,8,0,0,0,1,0,0,0,1,0,0,0,0,0,0,0
405,0,122,-1,-1,-1,-1,393,-1,-1,-1,-1,45,0,-1,-1,-1,-1,0,0,0,0,0,0,0,0,0,0,0,0,0,0,0,0
408,1,-1,-1,394,-1,-1,-1,-1,-1,-1,-1,0,0,-1,-1,-1,-1,0,0,0,0,0,0,0,0,0,0,0,0,0,0,0,0
411,0,17,-1,-1,403,-1,-1,-1,-1,-1,-1,3091,0,-1,-1,-1,-1,0,0,0,0,0,0,0,0,0,0,0,0,0,0,0,0
413,1,-1,-1,-1,398,-1,-1,-1,-1,-1,-1,0,0,-1,-1,-1,-1,0,0,0,0,0,0,0,0,0,0,0,0,0,0,0,0
416,0,58,-1,-1,-1,-1,-1,-1,-1,-1,-1,3091,0,8,-1,-1,-1,15335165,0,0,0,20,0,0,0,500,0,0,0,80,0,0,0
419,1,-1,-1,401,-1,-1,-1,-1,-1,-1,-1,3333,0,-1,-1,-1,-1,0,0,0,0,0,0,0,0,0,0,0,0,0,0,0,0
422,1,-1,-1,402,-1,-1,-1,-1,-1,-1,-1,3230,0,-1,-1,-1,-1,0,0,0,0,0,0,0,0,0,0,0,0,0,0,0,0
425,0,54,-1,-1,-1,392,392,-1,-1,-1,-1,2560,0,-1,-1,-1,-1,0,0,0,0,0,0,0,0,0,0,0,0,0,0,0,0
428,1,60,-1,-1,-1,-1,-1,-1,-1,-1,-1,0,0,-1,-1,-1,-1,0,0,0,0,0,0,0,0,0,0,0,0,0,0,0,0
431,1,-1,410,-1,-1,-1,-1,-1,-1,-1,-1,1430,0,-1,-1,-1,-1,0,0,0,0,0,0,0,0,0,0,0,0,0,0,0,0
2044,2,124,-1,-1,834,1154,-1,-1,-1,-1,-1,3327,0,1,-1,-1,-1,15335664,0,0,0,0.5,0,0,0,0.5,0,0,0,0,0,0,0
433,1,-1,-1,-1,412,-1,-1,-1,-1,-1,-1,1422,0,-1,-1,-1,-1,0,0,0,0,0,0,0,0,0,0,0,0,0,0,0,0
436,2,-1,-1,-1,414,-1,-1,-1,-1,-1,-1,0,0,-1,-1,-1,-1,0,0,0,0,0,0,0,0,0,0,0,0,0,0,0,0
439,0,-1,-1,-1,-1,-1,411,-1,-1,-1,-1,0,0,-1,-1,-1,-1,0,0,0,0,0,0,0,0,0,0,0,0,0,0,0,0
454,1,74,244,-1,-1,-1,-1,-1,-1,-1,-1,0,0,-1,-1,-1,-1,0,0,0,0,0,0,0,0,0,0,0,0,0,0,0,0
457,1,-1,-1,-1,428,-1,-1,-1,-1,-1,-1,1455,0,-1,-1,-1,-1,0,0,0,0,0,0,0,0,0,0,0,0,0,0,0,0
460,1,-1,-1,-1,431,-1,-1,-1,-1,-1,-1,1455,0,-1,-1,-1,-1,0,0,0,0,0,0,0,0,0,0,0,0,0,0,0,0
463,2,-1,-1,-1,-1,-1,-1,-1,-1,-1,-1,0,0,-1,-1,-1,-1,0,0,0,0,0,0,0,0,0,0,0,0,0,0,0,0
466,1,-1,-1,-1,-1,-1,-1,-1,-1,-1,-1,0,0,-1,-1,-1,-1,0,0,0,0,0,0,0,0,0,0,0,0,0,0,0,0
469,1,-1,-1,-1,-1,-1,-1,-1,-1,-1,-1,0,0,-1,-1,-1,-1,0,0,0,0,0,0,0,0,0,0,0,0,0,0,0,0
472,1,-1,-1,-1,438,-1,-1,-1,-1,-1,-1,1435,0,-1,-1,-1,-1,0,0,0,0,0,0,0,0,0,0,0,0,0,0,0,0
474,1,-1,-1,124,-1,-1,-1,-1,-1,-1,-1,3088,0,-1,-1,-1,-1,0,0,0,0,0,0,0,0,0,0,0,0,0,0,0,0
477,0,54,466,-1,-1,-1,-1,-1,-1,-1,-1,3259,0,-1,-1,-1,-1,0,0,0,0,0,0,0,0,0,0,0,0,0,0,0,0
480,0,54,-1,-1,440,-1,-1,-1,-1,-1,-1,2549,0,-1,-1,-1,-1,0,0,0,0,0,0,0,0,0,0,0,0,0,0,0,0
483,2,-1,-1,-1,441,-1,-1,-1,-1,-1,-1,0,0,-1,-1,-1,-1,0,0,0,0,0,0,0,0,0,0,0,0,0,0,0,0
486,0,-1,-1,-1,-1,-1,-1,-1,-1,-1,-1,3051,0,-1,-1,-1,-1,0,0,0,0,0,0,0,0,0,0,0,0,0,0,0,0
489,1,-1,-1,447,-1,-1,-1,-1,-1,-1,-1,3221,0,-1,-1,-1,-1,0,0,0,0,0,0,0,0,0,0,0,0,0,0,0,0
491,1,-1,-1,-1,448,-1,-1,-1,-1,-1,-1,0,0,-1,-1,-1,-1,0,0,0,0,0,0,0,0,0,0,0,0,0,0,0,0
494,1,-1,-1,-1,449,-1,-1,-1,-1,-1,-1,3317,0,-1,-1,-1,-1,0,0,0,0,0,0,0,0,0,0,0,0,0,0,0,0
497,1,-1,-1,-1,-1,-1,-1,-1,-1,-1,-1,3134,0,-1,-1,-1,-1,0,0,0,0,0,0,0,0,0,0,0,0,0,0,0,0
500,1,-1,-1,-1,454,-1,-1,-1,-1,-1,-1,1435,0,-1,-1,-1,-1,0,0,0,0,0,0,0,0,0,0,0,0,0,0,0,0
503,1,-1,-1,456,-1,-1,-1,-1,-1,-1,-1,2557,0,-1,-1,-1,-1,0,0,0,0,0,0,0,0,0,0,0,0,0,0,0,0
506,0,-1,-1,-1,-1,-1,-1,-1,-1,-1,-1,3091,0,8,-1,-1,-1,15733523,0,0,0,20,0,0,0,600,0,0,0,100,0,0,0
509,1,-1,-1,-1,460,-1,-1,-1,-1,-1,-1,3094,0,-1,-1,-1,-1,0,0,0,0,0,0,0,0,0,0,0,0,0,0,0,0
512,0,-1,-1,-1,-1,-1,-1,-1,-1,-1,-1,1492,0,-1,-1,-1,-1,0,0,0,0,0,0,0,0,0,0,0,0,0,0,0,0
525,0,-1,-1,-1,-1,-1,-1,-1,-1,-1,-1,0,0,-1,-1,-1,-1,0,0,0,0,0,0,0,0,0,0,0,0,0,0,0,0
528,0,-1,-1,-1,-1,267,242,-1,-1,-1,-1,0,0,-1,-1,-1,-1,0,0,0,0,0,0,0,0,0,0,0,0,0,0,0,0
531,1,-1,-1,-1,-1,-1,-1,-1,-1,-1,-1,0,0,-1,-1,-1,-1,0,0,0,0,0,0,0,0,0,0,0,0,0,0,0,0
534,2,-1,-1,-1,-1,287,287,-1,-1,-1,-1,1484,0,-1,-1,-1,-1,8,0,0,0,1,0,0,0,1,0,0,0,0,0,0,0
537,0,-1,-1,-1,-1,-1,-1,-1,-1,-1,-1,1493,0,-1,-1,-1,-1,0,0,0,0,0,0,0,0,0,0,0,0,0,0,0,0
540,1,-1,-1,-1,-1,-1,-1,-1,-1,-1,-1,0,0,-1,-1,-1,-1,0,0,0,0,0,0,0,0,0,0,0,0,0,0,0,0
543,0,-1,-1,-1,-1,-1,-1,-1,-1,-1,-1,1166,0,-1,-1,-1,-1,0,0,0,0,0,0,0,0,0,0,0,0,0,0,0,0
546,0,-1,-1,-1,-1,-1,-1,-1,-1,-1,-1,0,0,-1,-1,-1,-1,0,0,0,0,0,0,0,0,0,0,0,0,0,0,0,0
549,1,-1,-1,-1,-1,-1,-1,-1,-1,-1,-1,0,0,-1,-1,-1,-1,0,0,0,0,0,0,0,0,0,0,0,0,0,0,0,0
552,0,-1,-1,-1,-1,-1,-1,-1,-1,-1,-1,0,0,-1,-1,-1,-1,0,0,0,0,0,0,0,0,0,0,0,0,0,0,0,0
555,1,-1,-1,478,-1,-1,-1,-1,-1,-1,-1,3215,0,-1,-1,-1,-1,0,0,0,0,0,0,0,0,0,0,0,0,0,0,0,0
558,1,-1,-1,480,-1,-1,-1,-1,-1,-1,-1,3111,0,-1,-1,-1,-1,0,0,0,0,0,0,0,0,0,0,0,0,0,0,0,0
561,0,-1,-1,-1,358,-1,-1,-1,-1,-1,-1,3319,0,-1,-1,-1,-1,0,0,0,0,0,0,0,0,0,0,0,0,0,0,0,0
564,2,-1,-1,-1,-1,-1,-1,-1,-1,-1,-1,0,0,1,-1,-1,-1,301361,0,0,0,0.5,0,0,0,1,0,0,0,0,0,0,0
586,2,-1,-1,-1,-1,-1,-1,-1,-1,-1,-1,0,0,-1,-1,-1,-1,0,0,0,0,0,0,0,0,0,0,0,0,0,0,0,0
2024,0,51,-1,-1,-1,-1,-1,117,-1,-1,-1,20,0,-1,-1,-1,-1,0,0,0,0,0,0,0,0,0,0,0,0,0,0,0,0
2025,0,53,-1,-1,-1,-1,-1,421,-1,-1,-1,2559,0,-1,-1,-1,-1,0,0,0,0,0,0,0,0,0,0,0,0,0,0,0,0
2045,2,124,-1,-1,-1,-1,-1,-1,-1,-1,-1,0,0,-1,-1,-1,-1,0,0,0,0,0,0,0,0,0,0,0,0,0,0,0,0
2064,3,0,-1,-1,-1,-1,-1,-1,-1,-1,-1,3076,0,-1,-1,-1,-1,0,0,0,0,0,0,0,0,0,0,0,0,0,0,0,0
589,0,-1,-1,-1,-1,131,131,-1,-1,-1,-1,742,0,1,-1,-1,-1,16776960,0,0,0,4,0,0,0,0,0,0,0,0,0,0,0
609,3,-1,-1,-1,-1,-1,-1,-1,-1,-1,-1,7,0,9,-1,-1,-1,0,0,0,0,5,0,0,0,0,0,0,0,0,0,0,0
647,0,-1,-1,-1,-1,-1,-1,-1,-1,-1,-1,0,0,-1,-1,-1,-1,0,0,0,0,0,0,0,0,0,0,0,0,0,0,0,0
649,1,-1,-1,368,-1,-1,-1,-1,-1,-1,-1,3071,0,-1,-1,-1,-1,0,0,0,0,0,0,0,0,0,0,0,0,0,0,0,0
652,0,-1,-1,-1,-1,-1,-1,-1,-1,-1,-1,3351,0,-1,-1,-1,-1,0,0,0,0,0,0,0,0,0,0,0,0,0,0,0,0
668,2,-1,-1,-1,-1,-1,-1,-1,-1,-1,-1,0,0,1,-1,-1,-1,16716055,0,0,0,2,0,0,0,2,0,0,0,0,0,0,0
688,1,-1,-1,-1,409,-1,-1,-1,-1,-1,-1,3036,0,-1,-1,-1,-1,0,0,0,0,0,0,0,0,0,0,0,0,0,0,0,0
281,0,32,168,-1,-1,-1,-1,-1,-1,-1,-1,0,0,-1,-1,-1,-1,0,0,0,0,0,0,0,0,0,0,0,0,0,0,0,0
284,2,124,-1,-1,-1,271,-1,-1,-1,-1,-1,3014,0,0,-1,-1,-1,9,0,0,0,1,0,0,0,1,0,0,0,0,0,0,0
287,1,-1,-1,-1,289,-1,-1,-1,-1,-1,-1,0,0,-1,-1,-1,-1,0,0,0,0,0,0,0,0,0,0,0,0,0,0,0,0
290,1,-1,-1,228,-1,-1,-1,-1,-1,-1,-1,0,0,-1,-1,-1,-1,0,0,0,0,0,0,0,0,0,0,0,0,0,0,0,0
302,4,52,-1,363,-1,303,303,-1,-1,-1,-1,1500,0,-1,-1,-1,-1,0,0,0,0,0,0,0,0,0,0,0,0,0,0,0,0
305,0,141,-1,-1,-1,-1,-1,-1,-1,-1,-1,0,0,-1,-1,-1,-1,0,0,0,0,0,0,0,0,0,0,0,0,0,0,0,0
308,0,82,-1,-1,-1,-1,-1,-1,-1,-1,-1,0,0,-1,-1,-1,-1,0,0,0,0,0,0,0,0,0,0,0,0,0,0,0,0
311,1,-1,311,-1,-1,-1,-1,-1,-1,-1,-1,3361,0,-1,-1,-1,-1,0,0,0,0,0,0,0,0,0,0,0,0,0,0,0,0
314,4,123,-1,-1,-1,-1,-1,-1,-1,-1,-1,0,0,-1,-1,-1,-1,0,0,0,0,0,0,0,0,0,0,0,0,0,0,0,0
317,1,-1,-1,331,-1,-1,-1,-1,-1,-1,-1,1490,0,-1,-1,-1,-1,2825732,0,0,0,1,0,0,0,5,0,0,0,0,0,0,0
320,1,-1,-1,-1,315,-1,-1,-1,-1,-1,-1,2545,0,-1,-1,-1,-1,0,0,0,0,0,0,0,0,0,0,0,0,0,0,0,0
323,2,16,-1,-1,268,-1,-1,-1,-1,-1,-1,0,0,-1,-1,-1,-1,0,0,0,0,0,0,0,0,0,0,0,0,0,0,0,0
326,1,74,-1,-1,-1,-1,-1,-1,-1,-1,-1,0,0,-1,-1,-1,-1,0,0,0,0,0,0,0,0,0,0,0,0,0,0,0,0
329,0,54,-1,320,-1,-1,-1,-1,-1,-1,-1,2562,0,-1,-1,-1,-1,0,0,0,0,0,0,0,0,0,0,0,0,0,0,0,0
332,2,-1,325,-1,-1,-1,-1,-1,-1,-1,-1,2615,0,-1,-1,-1,-1,0,0,0,0,0,0,0,0,0,0,0,0,0,0,0,0
335,2,-1,-1,281,74,-1,-1,-1,-1,-1,-1,0,0,-1,-1,-1,-1,0.5,0,0,0,1,0,0,0,0,0,0,0,0,0,0,0
337,0,54,-1,333,-1,-1,-1,-1,-1,-1,-1,2562,0,-1,-1,-1,-1,0,0,0,0,0,0,0,0,0,0,0,0,0,0,0,0
340,2,-1,308,-1,-1,-1,-1,-1,-1,-1,-1,3156,0,-1,-1,-1,-1,0,0,0,0,0,0,0,0,0,0,0,0,0,0,0,0
343,2,-1,-1,-1,336,-1,-1,-1,-1,-1,-1,0,0,-1,-1,-1,-1,0,0,0,0,0,0,0,0,0,0,0,0,0,0,0,0
346,2,-1,-1,342,341,-1,-1,-1,-1,-1,-1,3225,0,-1,-1,-1,-1,0,0,0,0,0,0,0,0,0,0,0,0,0,0,0,0
349,2,14,50,-1,-1,-1,-1,-1,-1,-1,-1,0,0,-1,-1,-1,-1,11064319,0,0,0,1,0,0,0,1,0,0,0,0,0,0,0
352,0,53,-1,-1,-1,-1,-1,-1,-1,-1,-1,2552,0,-1,-1,-1,-1,0,0,0,0,0,0,0,0,0,0,0,0,0,0,0,0
355,1,74,348,-1,307,-1,-1,-1,-1,-1,-1,1488,0,-1,-1,-1,-1,0,0,0,0,0,0,0,0,0,0,0,0,0,0,0,0
358,0,123,-1,-1,-1,-1,-1,-1,-1,-1,-1,1161,0,-1,-1,-1,-1,0,0,0,0,0,0,0,0,0,0,0,0,0,0,0,0
360,2,-1,-1,-1,158,-1,-1,-1,-1,-1,-1,0,0,-1,-1,-1,-1,0,0,0,0,0,0,0,0,0,0,0,0,0,0,0,0
363,2,-1,-1,-1,355,-1,-1,-1,-1,-1,-1,0,0,-1,-1,-1,-1,0,0,0,0,0,0,0,0,0,0,0,0,0,0,0,0
14,1,54,-1,-1,29,-1,-1,-1,-1,-1,-1,0,0,-1,-1,-1,-1,0,0,0,0,0,0,0,0,0,0,0,0,0,0,0,0
17,0,51,-1,-1,-1,63,63,-1,-1,-1,-1,703,0,-1,-1,-1,-1,0,0,0,0,0,0,0,0,0,0,0,0,0,0,0,0
20,0,51,-1,-1,-1,-1,-1,-1,-1,-1,-1,0,0,-1,-1,-1,-1,0,0,0,0,0,0,0,0,0,0,0,0,0,0,0,0
23,1,-1,-1,37,36,-1,-1,-1,-1,-1,-1,0,0,-1,-1,-1,-1,0,0,0,0,0,0,0,0,0,0,0,0,0,0,0,0
26,1,-1,-1,40,-1,-1,-1,-1,-1,-1,-1,0,0,-1,-1,-1,-1,0,0,0,0,0,0,0,0,0,0,0,0,0,0,0,0
30,0,51,-1,-1,-1,287,287,-1,-1,-1,-1,702,0,-1,-1,-1,-1,0,0,0,0,0,0,0,0,0,0,0,0,0,0,0,0
33,2,-1,50,-1,-1,-1,-1,-1,-1,-1,-1,0,0,-1,-1,-1,-1,0,0,0,0,0,0,0,0,0,0,0,0,0,0,0,0
36,0,51,-1,-1,-1,146,146,-1,-1,-1,-1,27,0,-1,-1,-1,-1,0,0,0,0,0,0,0,0,0,0,0,0,0,0,0,0
39,0,54,-1,-1,-1,45,45,-1,-1,-1,-1,0,0,-1,-1,-1,-1,0,0,0,0,0,0,0,0,0,0,0,0,0,0,0,0
42,1,-1,-1,-1,371,-1,-1,-1,-1,-1,-1,3116,0,-1,-1,-1,-1,0,0,0,0,0,0,0,0,0,0,0,0,0,0,0,0
45,0,51,-1,59,61,-1,63,-1,-1,-1,-1,0,0,-1,-1,-1,-1,0,0,0,0,0,0,0,0,0,0,0,0,0,0,0,0
48,1,-1,66,24,25,-1,-1,-1,-1,-1,-1,15,0,-1,-1,-1,-1,0,0,0,0,0,0,0,0,0,0,0,0,0,0,0,0
51,0,53,-1,-1,-1,30,30,-1,-1,-1,-1,676,0,-1,-1,-1,-1,0,0,0,0,0,0,0,0,0,0,0,0,0,0,0,0
53,1,-1,-1,-1,70,-1,-1,-1,-1,-1,-1,26,0,-1,-1,-1,-1,0,0,0,0,0,0,0,0,0,0,0,0,0,0,0,0
57,1,-1,-1,-1,76,-1,-1,-1,-1,-1,-1,24,0,-1,-1,-1,-1,0,0,0,0,0,0,0,0,0,0,0,0,0,0,0,0
60,0,52,-1,-1,-1,287,287,-1,-1,-1,-1,702,0,-1,-1,-1,-1,0,0,0,0,0,0,0,0,0,0,0,0,0,0,0,0
62,1,-1,-1,-1,173,-1,-1,-1,-1,-1,-1,33,0,-1,-1,-1,-1,0,0,0,0,0,0,0,0,0,0,0,0,0,0,0,0
65,0,54,-1,-1,-1,73,73,-1,-1,-1,-1,2560,0,-1,-1,-1,-1,0,0,0,0,0,0,0,0,0,0,0,0,0,0,0,0
68,4,-1,-1,214,-1,-1,-1,-1,-1,-1,-1,22,0,13,-1,-1,-1,5204976,0,0,0,0.5,0,0,0,0.5,0,0,0,0,0,0,0
71,0,51,-1,-1,-1,-1,-1,96,-1,-1,-1,27,0,-1,-1,-1,-1,0,0,0,0,0,0,0,0,0,0,0,0,0,0,0,0
85,1,-1,-1,101,-1,-1,-1,-1,-1,-1,-1,50,0,-1,-1,-1,-1,0,0,0,0,0,0,0,0,0,0,0,0,0,0,0,0
88,0,61,-1,-1,-1,-1,-1,-1,-1,-1,-1,45,0,-1,-1,-1,-1,0,0,0,0,0,0,0,0,0,0,0,0,0,0,0,0
91,0,57,-1,-1,-1,-1,-1,-1,-1,-1,-1,28,0,-1,-1,-1,-1,0,0,0,0,0,0,0,0,0,0,0,0,0,0,0,0
94,0,53,-1,-1,-1,119,119,-1,-1,-1,-1,44,0,-1,-1,-1,-1,0,0,0,0,0,0,0,0,0,0,0,0,0,0,0,0
97,1,-1,-1,142,-1,-1,-1,-1,-1,-1,-1,44,0,-1,-1,-1,-1,0,0,0,0,0,0,0,0,0,0,0,0,0,0,0,0
99,0,52,-1,-1,-1,135,135,-1,-1,-1,-1,740,0,-1,-1,-1,-1,0,0,0,0,0,0,0,0,0,0,0,0,0,0,0,0
102,0,52,-1,-1,53,63,63,-1,-1,-1,-1,703,0,-1,-1,-1,-1,0,0,0,0,0,0,0,0,0,0,0,0,0,0,0,0
106,0,52,-1,-1,-1,206,206,-1,-1,-1,-1,1136,0,-1,-1,-1,-1,0,0,0,0,0,0,0,0,0,0,0,0,0,0,0,0
109,0,52,-1,-1,95,152,152,-1,-1,-1,-1,27,0,-1,-1,-1,-1,0,0,0,0,0,0,0,0,0,0,0,0,0,0,0,0
112,1,-1,-1,-1,91,-1,-1,-1,-1,-1,-1,0,0,-1,-1,-1,-1,0,0,0,0,0,0,0,0,0,0,0,0,0,0,0,0
115,1,-1,-1,44,-1,-1,-1,-1,-1,-1,-1,743,0,-1,-1,-1,-1,0,0,0,0,0,0,0,0,0,0,0,0,0,0,0,0
118,0,53,-1,-1,-1,17,17,-1,-1,-1,-1,2560,0,-1,-1,-1,-1,4,0,0,0,0,0,0,0,0,0,0,0,0,0,0,0
121,1,-1,-1,129,-1,-1,-1,-1,-1,-1,-1,1270,0,-1,-1,-1,-1,0,0,0,0,0,0,0,0,0,0,0,0,0,0,0,0
124,0,51,-1,-1,-1,88,88,-1,-1,-1,-1,3087,0,-1,-1,-1,-1,1,0,0,0,0.05,0,0,0,0,0,0,0,0,0,0,0
127,0,-1,-1,-1,159,-1,-1,-1,-1,-1,-1,0,0,-1,-1,-1,-1,0,0,0,0,0,0,0,0,0,0,0,0,0,0,0,0
130,1,-1,-1,367,-1,-1,-1,-1,-1,-1,-1,3325,0,-1,-1,-1,-1,0,0,0,0,0,0,0,0,0,0,0,0,0,0,0,0
2004,2,0,-1,-1,630,-1,-1,-1,-1,-1,-1,3961,0,-1,-1,-1,-1,0,0,0,0,0,0,0,0,0,0,0,0,0,0,0,0
133,1,-1,-1,381,-1,-1,-1,-1,-1,-1,-1,49,0,-1,-1,-1,-1,0,0,0,0,0,0,0,0,0,0,0,0,0,0,0,0
136,2,-1,-1,-1,168,-1,-1,-1,-1,-1,-1,1012,0,-1,-1,-1,-1,0,0,0,0,0,0,0,0,0,0,0,0,0,0,0,0
139,1,-1,-1,-1,168,-1,-1,-1,-1,-1,-1,1012,0,-1,-1,-1,-1,0,0,0,0,0,0,0,0,0,0,0,0,0,0,0,0
142,1,-1,-1,181,182,-1,-1,-1,-1,-1,-1,0,0,-1,-1,-1,-1,0,0,0,0,0,0,0,0,0,0,0,0,0,0,0,0
155,0,-1,-1,89,-1,-1,-1,-1,-1,-1,-1,0,0,-1,-1,-1,-1,0,0,0,0,0,0,0,0,0,0,0,0,0,0,0,0
158,1,-1,-1,-1,86,-1,-1,-1,-1,-1,-1,3660,0,-1,-1,-1,-1,0,0,0,0,0,0,0,0,0,0,0,0,0,0,0,0
161,0,106,-1,-1,-1,-1,-1,-1,-1,-1,-1,1147,0,-1,-1,-1,-1,0,0,0,0,0,0,0,0,0,0,0,0,0,0,0,0
164,0,46,-1,-1,-1,-1,-1,-1,-1,-1,-1,1146,0,-1,-1,-1,-1,0,0,0,0,0,0,0,0,0,0,0,0,0,0,0,0
167,0,49,-1,-1,-1,-1,-1,-1,-1,-1,-1,1148,0,-1,-1,-1,-1,0,0,0,0,0,0,0,0,0,0,0,0,0,0,0,0
169,0,52,-1,-1,208,205,205,-1,-1,-1,-1,1136,0,-1,-1,-1,-1,0,0,0,0,0,0,0,0,0,0,0,0,0,0,0,0
172,0,107,-1,-1,-1,-1,-1,-1,-1,-1,-1,0,0,-1,-1,-1,-1,0,0,0,0,0,0,0,0,0,0,0,0,0,0,0,0
175,4,123,-1,-1,-1,-1,-1,-1,-1,-1,-1,17,0,-1,-1,-1,-1,0,0,0,0,0,0,0,0,0,0,0,0,0,0,0,0
178,0,82,-1,-1,-1,152,152,-1,-1,-1,-1,37,0,-1,-1,-1,-1,0,0,0,0,0,0,0,0,0,0,0,0,0,0,0,0
181,0,54,-1,-1,-1,73,73,-1,-1,-1,-1,2561,0,-1,-1,-1,-1,0,0,0,0,0,0,0,0,0,0,0,0,0,0,0,0
184,0,51,-1,-1,-1,135,135,-1,-1,-1,-1,740,0,-1,-1,-1,-1,0,0,0,0,0,0,0,0,0,0,0,0,0,0,0,0
187,0,51,-1,-1,-1,130,130,-1,-1,-1,-1,741,0,-1,-1,-1,-1,0,0,0,0,0,0,0,0,0,0,0,0,0,0,0,0
190,0,53,-1,-1,-1,131,131,-1,-1,-1,-1,2562,0,-1,-1,-1,-1,0,0,0,0,0,0,0,0,0,0,0,0,0,0,0,0
193,0,52,-1,-1,123,131,131,-1,-1,-1,-1,742,0,-1,-1,-1,-1,0,0,0,0,0,0,0,0,0,0,0,0,0,0,0,0
196,0,51,-1,-1,-1,121,121,-1,-1,-1,-1,703,0,-1,-1,-1,-1,0,0,0,0,0,0,0,0,0,0,0,0,0,0,0,0
199,0,52,-1,-1,122,127,127,-1,-1,-1,-1,0,0,-1,-1,-1,-1,0,0,0,0,0,0,0,0,0,0,0,0,0,0,0,0
202,0,53,-1,-1,-1,421,421,-1,-1,-1,-1,2559,0,-1,-1,-1,-1,2,0,0,0,0,0,0,0,0,0,0,0,0,0,0,0
205,0,54,-1,-1,-1,121,121,-1,-1,-1,-1,2559,0,-1,-1,-1,-1,0,0,0,0,0,0,0,0,0,0,0,0,0,0,0,0
208,0,53,-1,-1,-1,127,127,-1,-1,-1,-1,0,0,-1,-1,-1,-1,0,0,0,0,0,0,0,0,0,0,0,0,0,0,0,0
212,1,-1,-1,110,148,-1,-1,-1,-1,-1,-1,1273,0,-1,-1,-1,-1,0,0,0,0,0,0,0,0,0,0,0,0,0,0,0,0
215,1,-1,-1,215,-1,-1,-1,-1,-1,-1,-1,0,0,-1,-1,-1,-1,0,0,0,0,0,0,0,0,0,0,0,0,0,0,0,0
773,0,57,-1,-1,-1,-1,-1,-1,-1,-1,-1,3091,0,8,-1,-1,-1,10493650,0,0,0,20,0,0,0,600,0,0,0,100,0,0,0
776,0,-1,-1,-1,257,-1,-1,-1,-1,-1,-1,18,0,-1,-1,-1,-1,0,0,0,0,0,0,0,0,0,0,0,0,0,0,0,0
779,1,-1,-1,616,-1,-1,-1,-1,-1,-1,-1,0,0,-1,-1,-1,-1,0,0,0,0,0,0,0,0,0,0,0,0,0,0,0,0
781,2,-1,-1,-1,617,-1,-1,-1,-1,-1,-1,39,0,-1,-1,-1,-1,0,0,0,0,0,0,0,0,0,0,0,0,0,0,0,0
784,2,-1,-1,-1,-1,-1,-1,-1,-1,-1,-1,0,0,1,-1,-1,-1,301361,0,0,0,2,0,0,0,1,0,0,0,0,0,0,0
788,0,107,-1,-1,-1,-1,-1,-1,-1,-1,-1,3228,0,-1,-1,-1,-1,0,0,0,0,0,0,0,0,0,0,0,0,0,0,0,0
791,2,130,-1,-1,-1,-1,-1,-1,-1,-1,-1,0,0,-1,-1,-1,-1,0,0,0,0,0,0,0,0,0,0,0,0,0,0,0,0
793,0,57,-1,-1,-1,-1,-1,-1,-1,-1,-1,0,0,8,-1,-1,-1,13828385,0,0,0,20,0,0,0,600,0,0,0,100,0,0,0
797,0,127,-1,-1,-1,-1,-1,-1,-1,-1,-1,0,0,-1,-1,-1,-1,0,0,0,0,0,0,0,0,0,0,0,0,0,0,0,0
799,0,51,-1,-1,-1,-1,-1,17,-1,-1,-1,745,0,-1,-1,-1,-1,0,0,0,0,0,0,0,0,0,0,0,0,0,0,0,0
803,0,106,-1,-1,-1,-1,-1,-1,-1,-1,-1,1144,0,-1,-1,-1,-1,0,0,0,0,0,0,0,0,0,0,0,0,0,0,0,0
805,1,-1,-1,620,-1,-1,-1,-1,-1,-1,-1,0,0,-1,-1,-1,-1,0,0,0,0,0,0,0,0,0,0,0,0,0,0,0,0
808,1,-1,-1,-1,441,-1,-1,-1,-1,-1,-1,3328,0,-1,-1,-1,-1,0,0,0,0,0,0,0,0,0,0,0,0,0,0,0,0
811,1,-1,-1,-1,435,-1,-1,-1,-1,-1,-1,3321,0,-1,-1,-1,-1,0,0,0,0,0,0,0,0,0,0,0,0,0,0,0,0
814,2,-1,-1,271,-1,-1,-1,-1,-1,-1,-1,3014,0,-1,-1,-1,-1,0,0,0,0,0,0,0,0,0,0,0,0,0,0,0,0
817,0,32,-1,298,-1,-1,-1,-1,-1,-1,-1,2560,0,-1,-1,-1,-1,0,0,0,0,0,0,0,0,0,0,0,0,0,0,0,0
820,0,-1,-1,-1,375,-1,-1,394,-1,-1,-1,3113,0,-1,-1,-1,-1,0,0,0,0,0,0,0,0,0,0,0,0,0,0,0,0
824,2,55,-1,-1,-1,-1,-1,-1,-1,-1,-1,0,0,8,-1,-1,-1,6977190,0,0,0,0,0,0,0,500,0,0,0,80,0,0,0
827,0,53,-1,-1,-1,623,623,-1,-1,-1,-1,2560,0,-1,-1,-1,-1,8913043,0,0,0,1,0,0,0,0,0,0,0,0,0,0,0
830,2,134,-1,-1,-1,-1,-1,-1,-1,-1,-1,0,0,10,-1,-1,-1,13619151,0,0,0,0,0,0,0,0,0,0,0,0,0,0,0
844,0,55,-1,-1,627,-1,-1,-1,-1,-1,-1,4274,0,-1,-1,-1,-1,0,0,0,0,0,0,0,0,0,0,0,0,0,0,0,0
847,2,-1,-1,-1,674,-1,-1,-1,-1,-1,-1,39,0,-1,-1,-1,-1,0,0,0,0,0,0,0,0,0,0,0,0,0,0,0,0
850,1,-1,-1,367,162,-1,-1,-1,-1,-1,-1,3325,0,-1,-1,-1,-1,0,0,0,0,0,0,0,0,0,0,0,0,0,0,0,0
853,0,74,-1,-1,-1,-1,-1,-1,-1,-1,-1,0,0,-1,-1,-1,-1,0,0,0,0,0,0,0,0,0,0,0,0,0,0,0,0
856,1,-1,-1,632,-1,-1,-1,-1,-1,-1,-1,1484,0,-1,-1,-1,-1,0,0,0,0,0,0,0,0,0,0,0,0,0,0,0,0
859,0,54,-1,-1,-1,102,102,-1,-1,-1,-1,1484,0,-1,-1,-1,-1,0,0,0,0,0,0,0,0,0,0,0,0,0,0,0,0
862,0,17,-1,-1,-1,-1,73,-1,-1,-1,-1,0,0,-1,-1,-1,-1,0,0,0,0,0,0,0,0,0,0,0,0,0,0,0,0
865,0,-1,-1,367,-1,-1,-1,-1,-1,-1,-1,0,0,-1,-1,-1,-1,0,0,0,0,0,0,0,0,0,0,0,0,0,0,0,0
868,0,-1,17,17,17,17,17,17,-1,-1,-1,2560,0,-1,-1,-1,-1,0,0,0,0,0,0,0,0,0,0,0,0,0,0,0,0
871,4,-1,-1,-1,-1,-1,-1,-1,-1,-1,-1,0,0,13,-1,-1,-1,14477467,0,0,0,2,0,0,0,2,0,0,0,0,0,0,0
886,2,124,-1,-1,-1,-1,-1,-1,-1,-1,-1,0,0,0,-1,-1,-1,8,0,0,0,1,0,0,0,1,0,0,0,0,0,0,0
889,0,32,-1,-1,-1,-1,-1,-1,-1,-1,-1,0,0,-1,-1,-1,-1,0,0,0,0,0,0,0,0,0,0,0,0,0,0,0,0
892,0,51,-1,-1,-1,-1,-1,88,-1,-1,-1,27,0,-1,-1,-1,-1,0,0,0,0,0,0,0,0,0,0,0,0,0,0,0,0
895,1,-1,-1,342,341,-1,-1,-1,-1,-1,-1,3225,0,-1,-1,-1,-1,0,0,0,0,0,0,0,0,0,0,0,0,0,0,0,0
898,0,74,-1,-1,361,-1,-1,-1,-1,-1,-1,747,0,-1,-1,-1,-1,161933,0,0,0,3,0,0,0,10000,0,0,0,100,0,0,0
901,0,-1,-1,-1,361,-1,-1,-1,-1,-1,-1,1493,0,-1,-1,-1,-1,0,0,0,0,0,0,0,0,0,0,0,0,0,0,0,0
904,1,-1,402,-1,-1,-1,-1,-1,-1,-1,-1,3230,0,-1,-1,-1,-1,0,0,0,0,0,0,0,0,0,0,0,0,0,0,0,0
907,0,32,-1,-1,-1,298,-1,-1,-1,-1,-1,1432,0,0,-1,-1,-1,5,0,0,0,1,0,0,0,0,0,0,0,0,0,0,0
927,1,121,-1,281,-1,-1,-1,-1,-1,-1,-1,1506,0,-1,-1,-1,-1,0,0,0,0,0,0,0,0,0,0,0,0,0,0,0,0
990,2,-1,-1,-1,718,-1,-1,-1,-1,-1,-1,39,0,-1,-1,-1,-1,0,0,0,0,0,0,0,0,0,0,0,0,0,0,0,0
1006,1,61,-1,-1,-1,-1,-1,-1,-1,-1,-1,0,0,-1,-1,-1,-1,0,0,0,0,0,0,0,0,0,0,0,0,0,0,0,0
1026,1,-1,-1,-1,355,-1,-1,-1,-1,-1,-1,0,0,-1,-1,-1,-1,0,0,0,0,0,0,0,0,0,0,0,0,0,0,0,0
1064,4,-1,-1,632,213,-1,-1,-1,-1,-1,-1,1484,0,-1,-1,-1,-1,16744448,0,0,0,2,0,0,0,2,0,0,0,4,0,0,0
1067,4,-1,-1,632,213,-1,-1,-1,-1,-1,-1,1484,0,-1,-1,-1,-1,16711680,0,0,0,2,0,0,0,2,0,0,0,4,0,0,0
1104,2,124,-1,-1,-1,17,17,-1,-1,-1,-1,0,0,1,-1,-1,-1,13173966,0,0,0,0.5,0,0,0,0,0,0,0,0,0,0,0
1165,4,142,-1,-1,-1,-1,-1,-1,-1,-1,-1,0,0,-1,-1,-1,-1,0,0,0,0,0,0,0,0,0,0,0,0,0,0,0,0
1168,0,-1,-1,-1,288,-1,-1,-1,-1,-1,-1,0,0,-1,-1,-1,-1,0,0,0,0,0,0,0,0,0,0,0,0,0,0,0,0
1186,2,-1,-1,-1,834,-1,-1,-1,-1,-1,-1,0,0,-1,-1,-1,-1,0,0,0,0,0,0,0,0,0,0,0,0,0,0,0,0
1206,1,-1,-1,835,-1,-1,-1,-1,-1,-1,-1,3361,0,-1,-1,-1,-1,0,0,0,0,0,0,0,0,0,0,0,0,0,0,0,0
1226,3,-1,-1,-1,-1,-1,-1,-1,-1,-1,-1,3720,0,-1,-1,-1,-1,0,0,0,0,0,0,0,0,0,0,0,0,0,0,0,0
1286,2,-1,-1,855,-1,-1,-1,-1,-1,-1,-1,0,0,1,-1,-1,-1,3473461,2,0,0,0,0,0,0,1,0,0,0,0,0,0,0
1324,2,-1,-1,291,-1,-1,-1,-1,-1,-1,-1,26,0,-1,-1,-1,-1,0,0,0,0,0,0,0,0,0,0,0,0,0,0,0,0
691,2,-1,542,-1,-1,-1,-1,-1,-1,-1,-1,3230,0,7,-1,-1,-1,2,0,0,0,0,0,0,0,0,0,0,0,0,0,0,0
694,1,-1,544,-1,-1,-1,-1,-1,-1,-1,-1,0,0,-1,-1,-1,-1,0,0,0,0,0,0,0,0,0,0,0,0,0,0,0,0
697,2,-1,-1,545,-1,-1,-1,-1,-1,-1,-1,0,0,-1,-1,-1,-1,0,0,0,0,0,0,0,0,0,0,0,0,0,0,0,0
700,3,-1,-1,-1,-1,-1,-1,-1,-1,-1,-1,30,0,9,-1,-1,-1,2,0,0,0,0.7,0,0,0,0,0,0,0,0,0,0,0
703,0,-1,-1,-1,-1,-1,-1,117,-1,-1,-1,703,0,-1,-1,-1,-1,0,0,0,0,0,0,0,0,0,0,0,0,0,0,0,0
716,2,-1,-1,-1,-1,45,45,-1,-1,-1,-1,702,0,-1,-1,-1,-1,0,0,0,0,0,0,0,0,0,0,0,0,0,0,0,0
718,2,-1,-1,-1,-1,88,88,-1,-1,-1,-1,31,0,-1,-1,-1,-1,0,0,0,0,0,0,0,0,0,0,0,0,0,0,0,0
721,1,-1,-1,-1,565,-1,-1,-1,-1,-1,-1,3089,0,-1,-1,-1,-1,0,0,0,0,0,0,0,0,0,0,0,0,0,0,0,0
724,1,-1,-1,-1,585,-1,-1,-1,-1,-1,-1,3183,0,-1,-1,-1,-1,0,0,0,0,0,0,0,0,0,0,0,0,0,0,0,0
727,0,32,-1,-1,-1,-1,-1,298,-1,-1,-1,2560,0,-1,-1,-1,-1,0,0,0,0,0,0,0,0,0,0,0,0,0,0,0,0
730,0,53,-1,-1,-1,392,392,-1,-1,-1,-1,1641,0,-1,-1,-1,-1,0,0,0,0,0,0,0,0,0,0,0,0,0,0,0,0
733,0,57,-1,-1,-1,590,590,-1,-1,-1,-1,3091,0,8,-1,-1,-1,15971420,0,0,0,20,0,0,0,450,0,0,0,60,0,0,0
736,3,-1,-1,-1,-1,-1,-1,-1,-1,-1,-1,3327,0,-1,-1,-1,-1,0,0,0,0,0,0,0,0,0,0,0,0,0,0,0,0
739,2,32,-1,-1,-1,298,-1,-1,-1,-1,-1,1578,0,0,-1,-1,-1,8,0,0,0,1,0,0,0,1,0,0,0,0,0,0,0
743,0,129,-1,-1,-1,-1,-1,-1,-1,-1,-1,3213,0,-1,-1,-1,-1,0,0,0,0,0,0,0,0,0,0,0,0,0,0,0,0
745,0,32,-1,-1,-1,298,298,-1,-1,-1,-1,2560,0,-1,-1,-1,-1,8,0,0,0,1,0,0,0,0,0,0,0,0,0,0,0
749,1,-1,266,-1,-1,-1,-1,-1,-1,-1,-1,3222,0,-1,-1,-1,-1,0,0,0,0,0,0,0,0,0,0,0,0,0,0,0,0
737,1,57,-1,-1,-1,-1,-1,-1,-1,-1,-1,0,0,8,-1,-1,-1,15665846,0,0,0,15,0,0,0,400,0,0,0,96,0,0,0
430,2,124,-1,-1,-1,271,-1,-1,-1,-1,-1,3012,0,0,-1,-1,-1,4,0,0,0,1,0,0,0,1,0,0,0,0,0,0,0
646,0,-1,-1,-1,-1,-1,-1,-1,-1,-1,-1,3091,0,8,-1,-1,-1,7154933,0,0,0,20,0,0,0,600,0,0,0,100,0,0,0
2084,0,54,-1,-1,1177,-1,-1,-1,-1,-1,-1,2549,0,-1,-1,-1,-1,0,0,0,0,0,0,0,0,0,0,0,0,0,0,0,0
2085,0,54,-1,-1,1174,-1,-1,-1,-1,-1,-1,2549,0,-1,-1,-1,-1,0,0,0,0,0,0,0,0,0,0,0,0,0,0,0,0
2086,0,54,-1,-1,1175,-1,-1,-1,-1,-1,-1,2549,0,-1,-1,-1,-1,0,0,0,0,0,0,0,0,0,0,0,0,0,0,0,0
2087,0,54,-1,-1,1176,-1,-1,-1,-1,-1,-1,2549,0,-1,-1,-1,-1,0,0,0,0,0,0,0,0,0,0,0,0,0,0,0,0
2088,0,54,-1,-1,1178,-1,-1,-1,-1,-1,-1,2549,0,-1,-1,-1,-1,0,0,0,0,0,0,0,0,0,0,0,0,0,0,0,0
2089,2,125,-1,-1,814,623,-1,-1,-1,-1,-1,745,0,0,0,0,0,0,0,0,0,0,0,0,0,0,0,0,0,0,0,0,0
2090,0,62,-1,-1,-1,-1,-1,-1,-1,-1,-1,-1,0,0,0,0,0,0,0,0,0,0,0,0,0,0,0,0,0,0,0,0,0
2109,0,118,-1,-1,-1,-1,-1,-1,-1,-1,-1,3223,0,0,0,0,0,0,0,0,0,0,0,0,0,0,0,0,0,0,0,0,0
2110,1,0,-1,-1,1183,-1,-1,-1,-1,-1,-1,0,0,-1,-1,-1,-1,0,0,0,0,0,0,0,0,0,0,0,0,0,0,0,0
2111,2,0,-1,1184,-1,-1,-1,-1,-1,-1,-1,0,0,0,0,0,0,0,0,0,0,0,0,0,0,0,0,0,0,0,0,0,0
2112,4,0,-1,-1,-1,-1,-1,-1,-1,-1,-1,0,0,-1,-1,-1,-1,0,0,0,0,0,0,0,0,0,0,0,0,0,0,0,0
231,1,-1,-1,-1,247,-1,-1,-1,-1,-1,-1,1434,0,-1,-1,-1,-1,0,0,0,0,0,0,0,0,0,0,0,0,0,0,0,0
234,2,-1,-1,-1,251,-1,-1,-1,-1,-1,-1,933,0,-1,-1,-1,-1,0,0,0,0,0,0,0,0,0,0,0,0,0,0,0,0
237,0,61,-1,-1,99,-1,242,-1,-1,-1,-1,3373,0,-1,-1,-1,-1,0,0,0,0,0,0,0,0,0,0,0,0,0,0,0,0
240,1,-1,-1,-1,257,-1,-1,-1,-1,-1,-1,18,3,-1,-1,-1,-1,0,0,0,0,0,0,0,0,0,0,0,0,0,0,0,0
244,2,-1,-1,252,-1,-1,-1,-1,-1,-1,-1,0,0,2,-1,-1,-1,0.5,0,0,0,0,0,0,0,1,0,0,0,0,0,0,0
247,2,-1,-1,-1,99,-1,417,-1,-1,-1,-1,3373,0,-1,-1,-1,-1,0,0,0,0,0,0,0,0,0,0,0,0,0,0,0,0
250,0,-1,-1,-1,-1,-1,-1,-1,-1,-1,-1,1148,0,-1,-1,-1,-1,0,0,0,0,0,0,0,0,0,0,0,0,0,0,0,0
253,0,85,-1,-1,396,-1,-1,-1,-1,-1,-1,3091,0,-1,-1,-1,-1,0,0,0,0,0,0,0,0,0,0,0,0,0,0,0,0
256,0,18,-1,-1,-1,-1,411,-1,-1,-1,-1,0,0,-1,-1,-1,-1,0,0,0,0,0,0,0,0,0,0,0,0,0,0,0,0
258,4,123,-1,-1,-1,267,267,-1,-1,-1,-1,0,0,-1,-1,-1,-1,0,0,0,0,0,0,0,0,0,0,0,0,0,0,0,0
261,1,-1,-1,270,-1,-1,-1,-1,-1,-1,-1,0,0,-1,-1,-1,-1,0,0,0,0,0,0,0,0,0,0,0,0,0,0,0,0
264,1,-1,-1,271,-1,-1,-1,-1,-1,-1,-1,0,0,-1,-1,-1,-1,0,0,0,0,0,0,0,0,0,0,0,0,0,0,0,0
267,0,54,-1,-1,-1,392,392,-1,-1,-1,-1,1641,0,-1,-1,-1,-1,0,0,0,0,0,0,0,0,0,0,0,0,0,0,0,0
270,0,54,-1,-1,-1,135,135,-1,-1,-1,-1,2562,0,-1,-1,-1,-1,0,0,0,0,0,0,0,0,0,0,0,0,0,0,0,0
273,1,-1,476,-1,261,-1,-1,-1,-1,-1,-1,1422,0,-1,-1,-1,-1,0,0,0,0,0,0,0,0,0,0,0,0,0,0,0,0
276,1,-1,-1,276,-1,-1,-1,-1,-1,-1,-1,1501,0,-1,-1,-1,-1,0,0,0,0,0,0,0,0,0,0,0,0,0,0,0,0
279,0,54,-1,-1,-1,-1,-1,-1,-1,-1,-1,0,0,-1,-1,-1,-1,0,0,0,0,0,0,0,0,0,0,0,0,0,0,0,0
656,0,-1,-1,-1,-1,-1,-1,-1,-1,-1,-1,3083,0,-1,-1,-1,-1,0,0,0,0,0,0,0,0,0,0,0,0,0,0,0,0
657,2,-1,-1,-1,-1,-1,-1,-1,-1,-1,-1,0,0,1,-1,-1,-1,7995528,0,0,0,0.4,0,0,0,0,0,0,0,0,0,0,0
658,1,-1,-1,527,-1,-1,-1,-1,-1,-1,-1,3071,0,-1,-1,-1,-1,0,0,0,0,0,0,0,0,0,0,0,0,0,0,0,0
659,0,-1,-1,-1,349,-1,-1,-1,-1,-1,-1,0,0,-1,-1,-1,-1,0,0,0,0,0,0,0,0,0,0,0,0,0,0,0,0
660,2,-1,-1,-1,361,-1,-1,-1,-1,-1,-1,4354,0,8,-1,-1,-1,16267286,0,0,0,20,0,0,0,600,0,0,0,100,0,0,0
661,2,-1,-1,-1,263,-1,-1,-1,-1,-1,-1,39,0,-1,-1,-1,-1,0,0,0,0,0,0,0,0,0,0,0,0,0,0,0,0
662,0,-1,-1,-1,361,-1,-1,-1,-1,-1,-1,1493,0,-1,-1,-1,-1,16193303,0,0,0,20,0,0,0,600,0,0,0,100,0,0,0
663,1,-1,-1,217,-1,-1,-1,-1,-1,-1,-1,0,0,-1,-1,-1,-1,0,0,0,0,0,0,0,0,0,0,0,0,0,0,0,0
664,2,-1,-1,-1,-1,117,117,-1,-1,-1,-1,0,0,1,-1,-1,-1,7105791,0,0,0,0.5,0,0,0,0,0,0,0,0,0,0,0
665,2,-1,-1,-1,389,-1,-1,-1,-1,-1,-1,0,0,-1,-1,-1,-1,0,0,0,0,0,0,0,0,0,0,0,0,0,0,0,0
666,1,-1,-1,350,-1,-1,-1,-1,-1,-1,-1,3089,0,-1,-1,-1,-1,0,0,0,0,0,0,0,0,0,0,0,0,0,0,0,0
667,0,-1,-1,-1,529,-1,-1,-1,-1,-1,-1,0,0,-1,-1,-1,-1,0,0,0,0,0,0,0,0,0,0,0,0,0,0,0,0
686,0,-1,-1,-1,-1,-1,-1,-1,-1,-1,-1,0,0,-1,-1,-1,-1,0,0,0,0,0,0,0,0,0,0,0,0,0,0,0,0
687,1,-1,-1,150,-1,-1,-1,-1,-1,-1,-1,3090,0,-1,-1,-1,-1,0,0,0,0,0,0,0,0,0,0,0,0,0,0,0,0
689,1,-1,-1,-1,409,-1,-1,-1,-1,-1,-1,3037,0,-1,-1,-1,-1,0,0,0,0,0,0,0,0,0,0,0,0,0,0,0,0
690,1,-1,308,-1,-1,-1,-1,-1,-1,-1,-1,0,0,-1,-1,-1,-1,0,0,0,0,0,0,0,0,0,0,0,0,0,0,0,0
692,3,-1,-1,-1,-1,-1,-1,-1,-1,-1,-1,3181,0,9,-1,-1,-1,1,0,0,0,5,0,0,0,0,0,0,0,0,0,0,0
693,1,-1,543,-1,-1,-1,-1,-1,-1,-1,-1,0,0,-1,-1,-1,-1,0,0,0,0,0,0,0,0,0,0,0,0,0,0,0,0
695,3,-1,-1,-1,-1,-1,-1,-1,-1,-1,-1,3077,0,-1,-1,-1,-1,0,0,0,0,0,0,0,0,0,0,0,0,0,0,0,0
696,1,-1,-1,545,-1,-1,-1,-1,-1,-1,-1,0,0,-1,-1,-1,-1,0,0,0,0,0,0,0,0,0,0,0,0,0,0,0,0
698,0,-1,-1,-1,-1,-1,-1,257,-1,-1,-1,18,3,-1,-1,-1,-1,0,0,0,0,0,0,0,0,0,0,0,0,0,0,0,0
699,0,-1,287,-1,-1,-1,-1,-1,-1,-1,-1,51,0,-1,-1,-1,-1,0,0,0,0,0,0,0,0,0,0,0,0,0,0,0,0
701,1,-1,-1,-1,-1,-1,-1,-1,-1,-1,-1,3182,0,-1,-1,-1,-1,0,0,0,0,0,0,0,0,0,0,0,0,0,0,0,0
702,1,-1,-1,73,-1,-1,-1,-1,-1,-1,-1,4475,0,-1,-1,-1,-1,0,0,0,0,0,0,0,0,0,0,0,0,0,0,0,0
704,0,-1,-1,-1,-1,-1,242,-1,-1,-1,-1,3373,0,-1,-1,-1,-1,0,0,0,0,0,0,0,0,0,0,0,0,0,0,0,0
705,0,-1,-1,548,-1,-1,-1,-1,-1,-1,-1,2560,0,-1,-1,-1,-1,0,0,0,0,0,0,0,0,0,0,0,0,0,0,0,0
717,2,125,-1,-1,-1,117,117,-1,-1,-1,-1,1136,0,-1,-1,-1,-1,0,0,0,0,0,0,0,0,0,0,0,0,0,0,0,0
719,1,-1,539,-1,-1,-1,-1,-1,-1,-1,-1,3361,0,-1,-1,-1,-1,0,0,0,0,0,0,0,0,0,0,0,0,0,0,0,0
720,1,-1,-1,540,-1,-1,-1,-1,-1,-1,-1,3111,0,-1,-1,-1,-1,0,0,0,0,0,0,0,0,0,0,0,0,0,0,0,0
722,0,-1,-1,-1,-1,-1,242,-1,-1,-1,-1,0,0,-1,-1,-1,-1,0,0,0,0,0,0,0,0,0,0,0,0,0,0,0,0
723,0,-1,-1,-1,-1,-1,-1,-1,-1,-1,-1,0,0,-1,-1,-1,-1,0,0,0,0,0,0,0,0,0,0,0,0,0,0,0,0
725,1,-1,-1,-1,586,-1,-1,-1,-1,-1,-1,0,0,-1,-1,-1,-1,0,0,0,0,0,0,0,0,0,0,0,0,0,0,0,0
726,0,-1,-1,-1,-1,-1,-1,146,-1,-1,-1,0,0,-1,-1,-1,-1,0,0,0,0,0,0,0,0,0,0,0,0,0,0,0,0
728,1,-1,-1,588,-1,-1,-1,-1,-1,-1,-1,1507,0,-1,-1,-1,-1,0,0,0,0,0,0,0,0,0,0,0,0,0,0,0,0
729,2,124,-1,-1,-1,272,272,-1,-1,-1,-1,3136,0,-1,-1,-1,-1,0,0,0,0,0,0,0,0,0,0,0,0,0,0,0,0
731,1,-1,-1,-1,-1,-1,-1,-1,-1,-1,-1,2874,0,-1,-1,-1,-1,0,0,0,0,0,0,0,0,0,0,0,0,0,0,0,0
732,1,-1,-1,589,-1,-1,-1,-1,-1,-1,-1,3264,0,-1,-1,-1,-1,0,0,0,0,0,0,0,0,0,0,0,0,0,0,0,0
734,0,55,-1,-1,345,-1,-1,-1,-1,-1,-1,1485,7,-1,-1,-1,-1,0,0,0,0,0,0,0,0,0,0,0,0,0,0,0,0
735,0,108,-1,-1,-1,-1,-1,-1,-1,-1,-1,0,0,-1,-1,-1,-1,0,0,0,0,0,0,0,0,0,0,0,0,0,0,0,0
738,0,57,-1,-1,592,102,102,-1,-1,-1,-1,3091,0,8,-1,-1,-1,16256123,0,0,0,15,0,0,0,400,0,0,0,96,0,0,0
740,2,14,-1,298,-1,-1,-1,-1,-1,-1,-1,0,0,1,-1,-1,-1,12124345,0,0,0,0.8,0,0,0,0.1,0,0,0,0.8,0,0,0
741,1,-1,-1,-1,100,-1,-1,-1,-1,-1,-1,0,0,-1,-1,-1,-1,0,0,0,0,0,0,0,0,0,0,0,0,0,0,0,0
742,2,-1,-1,-1,593,-1,-1,-1,-1,-1,-1,1505,0,-1,-1,-1,-1,0,0,0,0,0,0,0,0,0,0,0,0,0,0,0,0
744,2,-1,-1,-1,594,-1,-1,-1,-1,-1,-1,3228,0,-1,-1,-1,-1,0,0,0,0,0,0,0,0,0,0,0,0,0,0,0,0
746,2,-1,-1,-1,595,-1,-1,-1,-1,-1,-1,0,0,-1,-1,-1,-1,0,0,0,0,0,0,0,0,0,0,0,0,0,0,0,0
747,0,58,-1,-1,-1,-1,-1,-1,-1,-1,-1,3223,0,-1,-1,-1,-1,0,0,0,0,0,0,0,0,0,0,0,0,0,0,0,0
1365,1,-1,-1,-1,915,-1,-1,-1,-1,-1,-1,1484,0,-1,-1,-1,-1,0,0,0,0,0,0,0,0,0,0,0,0,0,0,0,0
2113,2,0,-1,-1,-1,-1,-1,-1,-1,-1,-1,0,0,0,0,0,0,0,0,0,0,0,0,0,0,0,0,0,0,0,0,0,0
2212,0,0,-1,-1,375,-1,-1,-1,-1,-1,-1,1485,4,-1,-1,-1,-1,0,0,0,0,0,0,0,0,0,0,0,0,0,0,0,0
2209,2,0,-1,-1,-1,-1,-1,-1,-1,-1,-1,0,0,1,11,-1,-1,9868950,0,0,0,0.1,0,0,0,0.1,0,0,0,60,0,0,0
2210,1,0,381,381,-1,-1,-1,-1,-1,-1,-1,0,0,-1,-1,-1,-1,0,0,0,0,0,0,0,0,0,0,0,0,0,0,0,0
2189,0,54,-1,-1,-1,-1,-1,-1,-1,-1,-1,0,0,-1,-1,-1,-1,0,0,0,0,0,0,0,0,0,0,0,0,0,0,0,0
2211,1,0,-1,416,-1,-1,-1,-1,-1,-1,-1,0,4,-1,-1,-1,-1,0,0,0,0,0,0,0,0,0,0,0,0,0,0,0,0
2129,1,0,-1,-1,409,-1,-1,-1,-1,-1,-1,0,0,-1,-1,-1,-1,0,0,0,0,0,0,0,0,0,0,0,0,0,0,0,0
2149,0,10,-1,-1,-1,-1,-1,-1,-1,-1,-1,3218,0,-1,-1,-1,-1,0,0,0,0,0,0,0,0,0,0,0,0,0,0,0,0
2150,2,0,855,855,855,855,855,-1,-1,-1,-1,0,0,-1,-1,-1,-1,0,0,0,0,0,0,0,0,0,0,0,0,0,0,0,0
2151,1,0,74,-1,-1,-1,-1,-1,-1,-1,-1,0,0,-1,-1,-1,-1,0,0,0,0,0,0,0,0,0,0,0,0,0,0,0,0
2152,2,0,157,-1,-1,-1,-1,-1,-1,-1,-1,0,0,-1,-1,-1,-1,0,0,0,0,0,0,0,0,0,0,0,0,0,0,0,0
2153,0,53,293,-1,-1,-1,-1,-1,-1,-1,-1,1483,0,-1,-1,-1,-1,1,0,0,0,1,0,0,0,0,0,0,0,0,0,0,0
2169,2,-1,-1,284,-1,-1,-1,-1,-1,-1,-1,0,0,1,11,-1,-1,4210943,0,0,0,0.1,0,0,0,0.1,0,0,0,60,0,0,0
